date,order_id,total
2023-01-01,10001,400
2023-01-01,10002,750
2023-01-01,10003,1020
2023-01-01,10004,780
2023-01-01,10005,1000
2023-01-01,10006,850
2023-01-01,10007,900
2023-01-01,10008,340
2023-01-01,10009,610
2023-01-01,10010,390
2023-01-01,10011,1000
2023-01-01,10012,710
2023-01-01,10013,310
2023-01-01,10014,540
2023-01-01,10015,480
2023-01-01,10016,360
2023-01-01,10017,1410
2023-01-01,10018,330
2023-01-01,10019,610
2023-01-01,10020,580
2023-01-01,10021,1100
2023-01-01,10022,890
2023-01-01,10023,510
2023-01-01,10024,980
2023-01-01,10025,620
2023-01-01,10026,660
2023-01-01,10027,460
2023-01-01,10028,460
2023-01-01,10029,1050
2023-01-02,10030,470
2023-01-02,10031,800
2023-01-02,10032,480
2023-01-02,10033,440
2023-01-02,10034,1030
2023-01-02,10035,810
2023-01-02,10036,790
2023-01-02,10037,680
2023-01-02,10038,1240
2023-01-02,10039,810
2023-01-02,10040,1120
2023-01-02,10041,140
2023-01-02,10042,880
2023-01-02,10043,190
2023-01-02,10044,1240
2023-01-02,10045,690
2023-01-02,10046,1090
2023-01-02,10047,1030
2023-01-02,10048,900
2023-01-02,10049,260
2023-01-02,10050,380
2023-01-02,10051,460
2023-01-02,10052,800
2023-01-02,10053,350
2023-01-02,10054,790
2023-01-02,10055,360
2023-01-02,10056,730
2023-01-02,10057,810
2023-01-03,10058,280
2023-01-03,10059,660
2023-01-03,10060,910
2023-01-03,10061,190
2023-01-03,10062,230
2023-01-03,10063,630
2023-01-03,10064,390
2023-01-03,10065,910
2023-01-03,10066,780
2023-01-03,10067,430
2023-01-03,10068,660
2023-01-03,10069,660
2023-01-03,10070,510
2023-01-03,10071,570
2023-01-03,10072,590
2023-01-03,10073,350
2023-01-03,10074,290
2023-01-03,10075,500
2023-01-03,10076,600
2023-01-03,10077,650
2023-01-03,10078,1070
2023-01-03,10079,980
2023-01-03,10080,660
2023-01-03,10081,610
2023-01-03,10082,810
2023-01-03,10083,880
2023-01-03,10084,190
2023-01-03,10085,890
2023-01-04,10086,750
2023-01-04,10087,870
2023-01-04,10088,790
2023-01-04,10089,420
2023-01-04,10090,500
2023-01-04,10091,500
2023-01-04,10092,730
2023-01-04,10093,1060
2023-01-04,10094,770
2023-01-04,10095,1170
2023-01-04,10096,930
2023-01-04,10097,680
2023-01-04,10098,990
2023-01-04,10099,370
2023-01-04,10100,400
2023-01-04,10101,500
2023-01-04,10102,1200
2023-01-04,10103,330
2023-01-04,10104,1280
2023-01-04,10105,870
2023-01-04,10106,1030
2023-01-04,10107,590
2023-01-04,10108,1150
2023-01-04,10109,820
2023-01-04,10110,1180
2023-01-04,10111,600
2023-01-04,10112,590
2023-01-04,10113,1160
2023-01-05,10114,660
2023-01-05,10115,670
2023-01-05,10116,1280
2023-01-05,10117,520
2023-01-05,10118,990
2023-01-05,10119,1100
2023-01-05,10120,240
2023-01-05,10121,770
2023-01-05,10122,1000
2023-01-05,10123,370
2023-01-05,10124,620
2023-01-05,10125,530
2023-01-05,10126,560
2023-01-05,10127,630
2023-01-05,10128,1100
2023-01-05,10129,680
2023-01-05,10130,520
2023-01-05,10131,1100
2023-01-05,10132,870
2023-01-05,10133,530
2023-01-05,10134,190
2023-01-05,10135,340
2023-01-05,10136,660
2023-01-05,10137,1000
2023-01-05,10138,1070
2023-01-05,10139,1160
2023-01-05,10140,610
2023-01-05,10141,920
2023-01-06,10142,270
2023-01-06,10143,170
2023-01-06,10144,460
2023-01-06,10145,900
2023-01-06,10146,140
2023-01-06,10147,620
2023-01-06,10148,760
2023-01-06,10149,430
2023-01-06,10150,850
2023-01-06,10151,560
2023-01-06,10152,780
2023-01-06,10153,760
2023-01-06,10154,560
2023-01-06,10155,730
2023-01-06,10156,730
2023-01-06,10157,1050
2023-01-06,10158,770
2023-01-06,10159,360
2023-01-06,10160,440
2023-01-06,10161,1170
2023-01-06,10162,310
2023-01-06,10163,810
2023-01-06,10164,380
2023-01-06,10165,730
2023-01-06,10166,950
2023-01-06,10167,1130
2023-01-06,10168,1030
2023-01-06,10169,830
2023-01-07,10170,740
2023-01-07,10171,840
2023-01-07,10172,200
2023-01-07,10173,440
2023-01-07,10174,510
2023-01-07,10175,770
2023-01-07,10176,350
2023-01-07,10177,1030
2023-01-07,10178,290
2023-01-07,10179,270
2023-01-07,10180,830
2023-01-07,10181,690
2023-01-07,10182,1590
2023-01-07,10183,680
2023-01-07,10184,790
2023-01-07,10185,530
2023-01-07,10186,880
2023-01-07,10187,700
2023-01-07,10188,830
2023-01-07,10189,700
2023-01-07,10190,440
2023-01-07,10191,1110
2023-01-07,10192,560
2023-01-07,10193,450
2023-01-07,10194,930
2023-01-07,10195,830
2023-01-07,10196,820
2023-01-07,10197,1170
2023-01-08,10198,1100
2023-01-08,10199,550
2023-01-08,10200,260
2023-01-08,10201,1100
2023-01-08,10202,950
2023-01-08,10203,570
2023-01-08,10204,740
2023-01-08,10205,640
2023-01-08,10206,170
2023-01-08,10207,810
2023-01-08,10208,350
2023-01-08,10209,510
2023-01-08,10210,500
2023-01-08,10211,260
2023-01-08,10212,380
2023-01-08,10213,840
2023-01-08,10214,780
2023-01-08,10215,570
2023-01-08,10216,260
2023-01-08,10217,320
2023-01-08,10218,610
2023-01-08,10219,980
2023-01-08,10220,490
2023-01-08,10221,880
2023-01-08,10222,650
2023-01-08,10223,300
2023-01-08,10224,1380
2023-01-08,10225,730
2023-01-09,10226,630
2023-01-09,10227,490
2023-01-09,10228,630
2023-01-09,10229,620
2023-01-09,10230,660
2023-01-09,10231,290
2023-01-09,10232,360
2023-01-09,10233,600
2023-01-09,10234,340
2023-01-09,10235,770
2023-01-09,10236,1010
2023-01-09,10237,160
2023-01-09,10238,660
2023-01-09,10239,1190
2023-01-09,10240,320
2023-01-09,10241,740
2023-01-09,10242,720
2023-01-09,10243,160
2023-01-09,10244,770
2023-01-09,10245,680
2023-01-09,10246,700
2023-01-09,10247,530
2023-01-09,10248,900
2023-01-09,10249,460
2023-01-09,10250,740
2023-01-09,10251,650
2023-01-09,10252,230
2023-01-09,10253,1240
2023-01-10,10254,1090
2023-01-10,10255,680
2023-01-10,10256,780
2023-01-10,10257,170
2023-01-10,10258,880
2023-01-10,10259,500
2023-01-10,10260,610
2023-01-10,10261,910
2023-01-10,10262,410
2023-01-10,10263,520
2023-01-10,10264,470
2023-01-10,10265,1030
2023-01-10,10266,620
2023-01-10,10267,330
2023-01-10,10268,550
2023-01-10,10269,870
2023-01-10,10270,440
2023-01-10,10271,840
2023-01-10,10272,1000
2023-01-10,10273,410
2023-01-10,10274,1080
2023-01-10,10275,460
2023-01-10,10276,610
2023-01-10,10277,310
2023-01-10,10278,440
2023-01-10,10279,560
2023-01-10,10280,270
2023-01-10,10281,690
2023-01-11,10282,1040
2023-01-11,10283,850
2023-01-11,10284,470
2023-01-11,10285,500
2023-01-11,10286,640
2023-01-11,10287,1140
2023-01-11,10288,490
2023-01-11,10289,1010
2023-01-11,10290,1020
2023-01-11,10291,530
2023-01-11,10292,1180
2023-01-11,10293,290
2023-01-11,10294,880
2023-01-11,10295,630
2023-01-11,10296,790
2023-01-11,10297,520
2023-01-11,10298,1080
2023-01-11,10299,350
2023-01-11,10300,280
2023-01-11,10301,470
2023-01-11,10302,1260
2023-01-11,10303,530
2023-01-11,10304,790
2023-01-11,10305,670
2023-01-11,10306,980
2023-01-11,10307,440
2023-01-11,10308,400
2023-01-11,10309,720
2023-01-12,10310,530
2023-01-12,10311,570
2023-01-12,10312,360
2023-01-12,10313,310
2023-01-12,10314,320
2023-01-12,10315,340
2023-01-12,10316,570
2023-01-12,10317,500
2023-01-12,10318,380
2023-01-12,10319,720
2023-01-12,10320,540
2023-01-12,10321,780
2023-01-12,10322,260
2023-01-12,10323,690
2023-01-12,10324,680
2023-01-12,10325,1010
2023-01-12,10326,820
2023-01-12,10327,900
2023-01-12,10328,280
2023-01-12,10329,510
2023-01-12,10330,830
2023-01-12,10331,1220
2023-01-12,10332,720
2023-01-12,10333,860
2023-01-12,10334,1490
2023-01-12,10335,820
2023-01-12,10336,520
2023-01-12,10337,600
2023-01-13,10338,1090
2023-01-13,10339,790
2023-01-13,10340,850
2023-01-13,10341,830
2023-01-13,10342,360
2023-01-13,10343,780
2023-01-13,10344,800
2023-01-13,10345,440
2023-01-13,10346,770
2023-01-13,10347,530
2023-01-13,10348,390
2023-01-13,10349,860
2023-01-13,10350,430
2023-01-13,10351,340
2023-01-13,10352,560
2023-01-13,10353,640
2023-01-13,10354,930
2023-01-13,10355,630
2023-01-13,10356,410
2023-01-13,10357,850
2023-01-13,10358,580
2023-01-13,10359,550
2023-01-13,10360,470
2023-01-13,10361,850
2023-01-13,10362,880
2023-01-13,10363,590
2023-01-13,10364,350
2023-01-13,10365,360
2023-01-14,10366,710
2023-01-14,10367,1120
2023-01-14,10368,880
2023-01-14,10369,660
2023-01-14,10370,390
2023-01-14,10371,620
2023-01-14,10372,470
2023-01-14,10373,1130
2023-01-14,10374,650
2023-01-14,10375,1160
2023-01-14,10376,540
2023-01-14,10377,730
2023-01-14,10378,650
2023-01-14,10379,560
2023-01-14,10380,1370
2023-01-14,10381,530
2023-01-14,10382,470
2023-01-14,10383,670
2023-01-14,10384,830
2023-01-14,10385,1170
2023-01-14,10386,320
2023-01-14,10387,320
2023-01-14,10388,720
2023-01-14,10389,470
2023-01-14,10390,720
2023-01-14,10391,200
2023-01-14,10392,1230
2023-01-14,10393,1280
2023-01-15,10394,830
2023-01-15,10395,1170
2023-01-15,10396,410
2023-01-15,10397,190
2023-01-15,10398,810
2023-01-15,10399,610
2023-01-15,10400,600
2023-01-15,10401,350
2023-01-15,10402,980
2023-01-15,10403,730
2023-01-15,10404,410
2023-01-15,10405,140
2023-01-15,10406,690
2023-01-15,10407,640
2023-01-15,10408,880
2023-01-15,10409,330
2023-01-15,10410,770
2023-01-15,10411,720
2023-01-15,10412,430
2023-01-15,10413,470
2023-01-15,10414,470
2023-01-15,10415,460
2023-01-15,10416,790
2023-01-15,10417,430
2023-01-15,10418,1010
2023-01-15,10419,510
2023-01-15,10420,760
2023-01-15,10421,960
2023-01-15,10422,630
2023-01-16,10423,260
2023-01-16,10424,570
2023-01-16,10425,1050
2023-01-16,10426,670
2023-01-16,10427,540
2023-01-16,10428,1000
2023-01-16,10429,140
2023-01-16,10430,740
2023-01-16,10431,240
2023-01-16,10432,650
2023-01-16,10433,310
2023-01-16,10434,410
2023-01-16,10435,1090
2023-01-16,10436,860
2023-01-16,10437,880
2023-01-16,10438,1260
2023-01-16,10439,1050
2023-01-16,10440,710
2023-01-16,10441,1110
2023-01-16,10442,730
2023-01-16,10443,320
2023-01-16,10444,720
2023-01-16,10445,640
2023-01-16,10446,810
2023-01-16,10447,380
2023-01-16,10448,1010
2023-01-16,10449,480
2023-01-16,10450,1000
2023-01-17,10451,840
2023-01-17,10452,510
2023-01-17,10453,1040
2023-01-17,10454,660
2023-01-17,10455,910
2023-01-17,10456,930
2023-01-17,10457,440
2023-01-17,10458,520
2023-01-17,10459,710
2023-01-17,10460,1150
2023-01-17,10461,850
2023-01-17,10462,680
2023-01-17,10463,720
2023-01-17,10464,1010
2023-01-17,10465,860
2023-01-17,10466,1190
2023-01-17,10467,460
2023-01-17,10468,490
2023-01-17,10469,790
2023-01-17,10470,730
2023-01-17,10471,390
2023-01-17,10472,440
2023-01-17,10473,560
2023-01-17,10474,610
2023-01-17,10475,1140
2023-01-17,10476,890
2023-01-17,10477,890
2023-01-17,10478,1010
2023-01-18,10479,780
2023-01-18,10480,810
2023-01-18,10481,170
2023-01-18,10482,470
2023-01-18,10483,1140
2023-01-18,10484,360
2023-01-18,10485,920
2023-01-18,10486,610
2023-01-18,10487,630
2023-01-18,10488,620
2023-01-18,10489,630
2023-01-18,10490,430
2023-01-18,10491,160
2023-01-18,10492,1000
2023-01-18,10493,780
2023-01-18,10494,830
2023-01-18,10495,1420
2023-01-18,10496,1000
2023-01-18,10497,530
2023-01-18,10498,540
2023-01-18,10499,1020
2023-01-18,10500,690
2023-01-18,10501,720
2023-01-18,10502,950
2023-01-18,10503,460
2023-01-18,10504,710
2023-01-18,10505,510
2023-01-18,10506,1250
2023-01-19,10507,580
2023-01-19,10508,160
2023-01-19,10509,570
2023-01-19,10510,1200
2023-01-19,10511,800
2023-01-19,10512,610
2023-01-19,10513,450
2023-01-19,10514,420
2023-01-19,10515,730
2023-01-19,10516,530
2023-01-19,10517,1150
2023-01-19,10518,460
2023-01-19,10519,1170
2023-01-19,10520,470
2023-01-19,10521,780
2023-01-19,10522,1100
2023-01-19,10523,570
2023-01-19,10524,140
2023-01-19,10525,510
2023-01-19,10526,680
2023-01-19,10527,650
2023-01-19,10528,800
2023-01-19,10529,680
2023-01-19,10530,440
2023-01-19,10531,200
2023-01-19,10532,170
2023-01-19,10533,530
2023-01-19,10534,520
2023-01-20,10535,1010
2023-01-20,10536,610
2023-01-20,10537,660
2023-01-20,10538,700
2023-01-20,10539,260
2023-01-20,10540,830
2023-01-20,10541,320
2023-01-20,10542,230
2023-01-20,10543,680
2023-01-20,10544,420
2023-01-20,10545,440
2023-01-20,10546,800
2023-01-20,10547,570
2023-01-20,10548,570
2023-01-20,10549,940
2023-01-20,10550,1120
2023-01-20,10551,660
2023-01-20,10552,710
2023-01-20,10553,430
2023-01-20,10554,630
2023-01-20,10555,310
2023-01-20,10556,540
2023-01-20,10557,630
2023-01-20,10558,920
2023-01-20,10559,680
2023-01-20,10560,830
2023-01-20,10561,550
2023-01-20,10562,510
2023-01-21,10563,510
2023-01-21,10564,370
2023-01-21,10565,750
2023-01-21,10566,1060
2023-01-21,10567,500
2023-01-21,10568,490
2023-01-21,10569,350
2023-01-21,10570,800
2023-01-21,10571,500
2023-01-21,10572,440
2023-01-21,10573,800
2023-01-21,10574,330
2023-01-21,10575,710
2023-01-21,10576,640
2023-01-21,10577,1070
2023-01-21,10578,1100
2023-01-21,10579,880
2023-01-21,10580,740
2023-01-21,10581,210
2023-01-21,10582,580
2023-01-21,10583,610
2023-01-21,10584,960
2023-01-21,10585,1190
2023-01-21,10586,610
2023-01-21,10587,780
2023-01-21,10588,320
2023-01-21,10589,940
2023-01-21,10590,370
2023-01-22,10591,810
2023-01-22,10592,1010
2023-01-22,10593,890
2023-01-22,10594,470
2023-01-22,10595,650
2023-01-22,10596,750
2023-01-22,10597,530
2023-01-22,10598,490
2023-01-22,10599,730
2023-01-22,10600,450
2023-01-22,10601,530
2023-01-22,10602,740
2023-01-22,10603,970
2023-01-22,10604,460
2023-01-22,10605,680
2023-01-22,10606,720
2023-01-22,10607,700
2023-01-22,10608,740
2023-01-22,10609,690
2023-01-22,10610,420
2023-01-22,10611,320
2023-01-22,10612,440
2023-01-22,10613,860
2023-01-22,10614,660
2023-01-22,10615,540
2023-01-22,10616,480
2023-01-22,10617,630
2023-01-22,10618,1020
2023-01-23,10619,910
2023-01-23,10620,1060
2023-01-23,10621,270
2023-01-23,10622,980
2023-01-23,10623,950
2023-01-23,10624,470
2023-01-23,10625,1190
2023-01-23,10626,170
2023-01-23,10627,790
2023-01-23,10628,1130
2023-01-23,10629,510
2023-01-23,10630,950
2023-01-23,10631,940
2023-01-23,10632,160
2023-01-23,10633,1020
2023-01-23,10634,680
2023-01-23,10635,460
2023-01-23,10636,490
2023-01-23,10637,940
2023-01-23,10638,630
2023-01-23,10639,830
2023-01-23,10640,890
2023-01-23,10641,450
2023-01-23,10642,600
2023-01-23,10643,730
2023-01-23,10644,140
2023-01-23,10645,300
2023-01-23,10646,420
2023-01-24,10647,990
2023-01-24,10648,390
2023-01-24,10649,840
2023-01-24,10650,1150
2023-01-24,10651,510
2023-01-24,10652,320
2023-01-24,10653,860
2023-01-24,10654,1080
2023-01-24,10655,1050
2023-01-24,10656,1260
2023-01-24,10657,780
2023-01-24,10658,860
2023-01-24,10659,1430
2023-01-24,10660,910
2023-01-24,10661,610
2023-01-24,10662,820
2023-01-24,10663,730
2023-01-24,10664,1140
2023-01-24,10665,460
2023-01-24,10666,170
2023-01-24,10667,660
2023-01-24,10668,470
2023-01-24,10669,630
2023-01-24,10670,870
2023-01-24,10671,290
2023-01-24,10672,560
2023-01-24,10673,590
2023-01-24,10674,1020
2023-01-25,10675,710
2023-01-25,10676,350
2023-01-25,10677,1150
2023-01-25,10678,710
2023-01-25,10679,560
2023-01-25,10680,980
2023-01-25,10681,900
2023-01-25,10682,690
2023-01-25,10683,910
2023-01-25,10684,330
2023-01-25,10685,490
2023-01-25,10686,440
2023-01-25,10687,1120
2023-01-25,10688,680
2023-01-25,10689,240
2023-01-25,10690,1340
2023-01-25,10691,740
2023-01-25,10692,930
2023-01-25,10693,790
2023-01-25,10694,980
2023-01-25,10695,1070
2023-01-25,10696,560
2023-01-25,10697,170
2023-01-25,10698,560
2023-01-25,10699,620
2023-01-25,10700,500
2023-01-25,10701,960
2023-01-25,10702,200
2023-01-26,10703,920
2023-01-26,10704,610
2023-01-26,10705,160
2023-01-26,10706,870
2023-01-26,10707,470
2023-01-26,10708,690
2023-01-26,10709,470
2023-01-26,10710,610
2023-01-26,10711,520
2023-01-26,10712,460
2023-01-26,10713,580
2023-01-26,10714,1080
2023-01-26,10715,280
2023-01-26,10716,470
2023-01-26,10717,900
2023-01-26,10718,460
2023-01-26,10719,1060
2023-01-26,10720,650
2023-01-26,10721,640
2023-01-26,10722,620
2023-01-26,10723,470
2023-01-26,10724,530
2023-01-26,10725,420
2023-01-26,10726,800
2023-01-26,10727,1410
2023-01-26,10728,510
2023-01-26,10729,320
2023-01-26,10730,860
2023-01-27,10731,500
2023-01-27,10732,1040
2023-01-27,10733,640
2023-01-27,10734,850
2023-01-27,10735,520
2023-01-27,10736,600
2023-01-27,10737,1100
2023-01-27,10738,340
2023-01-27,10739,940
2023-01-27,10740,830
2023-01-27,10741,460
2023-01-27,10742,290
2023-01-27,10743,900
2023-01-27,10744,570
2023-01-27,10745,850
2023-01-27,10746,820
2023-01-27,10747,840
2023-01-27,10748,310
2023-01-27,10749,780
2023-01-27,10750,640
2023-01-27,10751,660
2023-01-27,10752,370
2023-01-27,10753,1050
2023-01-27,10754,530
2023-01-27,10755,270
2023-01-27,10756,490
2023-01-27,10757,1110
2023-01-27,10758,600
2023-01-28,10759,540
2023-01-28,10760,330
2023-01-28,10761,640
2023-01-28,10762,560
2023-01-28,10763,460
2023-01-28,10764,720
2023-01-28,10765,1010
2023-01-28,10766,330
2023-01-28,10767,160
2023-01-28,10768,620
2023-01-28,10769,540
2023-01-28,10770,820
2023-01-28,10771,780
2023-01-28,10772,830
2023-01-28,10773,780
2023-01-28,10774,840
2023-01-28,10775,1040
2023-01-28,10776,700
2023-01-28,10777,470
2023-01-28,10778,790
2023-01-28,10779,650
2023-01-28,10780,410
2023-01-28,10781,650
2023-01-28,10782,500
2023-01-28,10783,440
2023-01-28,10784,870
2023-01-28,10785,820
2023-01-28,10786,290
2023-01-29,10787,270
2023-01-29,10788,610
2023-01-29,10789,320
2023-01-29,10790,800
2023-01-29,10791,260
2023-01-29,10792,1090
2023-01-29,10793,470
2023-01-29,10794,530
2023-01-29,10795,1120
2023-01-29,10796,330
2023-01-29,10797,470
2023-01-29,10798,420
2023-01-29,10799,760
2023-01-29,10800,580
2023-01-29,10801,500
2023-01-29,10802,660
2023-01-29,10803,680
2023-01-29,10804,640
2023-01-29,10805,190
2023-01-29,10806,520
2023-01-29,10807,770
2023-01-29,10808,700
2023-01-29,10809,530
2023-01-29,10810,1010
2023-01-29,10811,440
2023-01-29,10812,840
2023-01-29,10813,260
2023-01-29,10814,390
2023-01-30,10815,830
2023-01-30,10816,560
2023-01-30,10817,1080
2023-01-30,10818,850
2023-01-30,10819,930
2023-01-30,10820,740
2023-01-30,10821,600
2023-01-30,10822,390
2023-01-30,10823,850
2023-01-30,10824,1070
2023-01-30,10825,480
2023-01-30,10826,930
2023-01-30,10827,600
2023-01-30,10828,690
2023-01-30,10829,550
2023-01-30,10830,900
2023-01-30,10831,1070
2023-01-30,10832,190
2023-01-30,10833,790
2023-01-30,10834,630
2023-01-30,10835,360
2023-01-30,10836,610
2023-01-30,10837,1280
2023-01-30,10838,650
2023-01-30,10839,820
2023-01-30,10840,320
2023-01-30,10841,620
2023-01-30,10842,320
2023-01-30,10843,1220
2023-01-31,10844,850
2023-01-31,10845,750
2023-01-31,10846,380
2023-01-31,10847,550
2023-01-31,10848,500
2023-01-31,10849,380
2023-01-31,10850,270
2023-01-31,10851,500
2023-01-31,10852,180
2023-01-31,10853,900
2023-01-31,10854,590
2023-01-31,10855,530
2023-01-31,10856,750
2023-01-31,10857,860
2023-01-31,10858,940
2023-01-31,10859,880
2023-01-31,10860,990
2023-01-31,10861,1000
2023-01-31,10862,820
2023-01-31,10863,1460
2023-01-31,10864,290
2023-01-31,10865,630
2023-01-31,10866,630
2023-01-31,10867,920
2023-01-31,10868,420
2023-01-31,10869,520
2023-01-31,10870,410
2023-01-31,10871,470
2023-02-01,10872,640
2023-02-01,10873,740
2023-02-01,10874,1000
2023-02-01,10875,590
2023-02-01,10876,380
2023-02-01,10877,590
2023-02-01,10878,1070
2023-02-01,10879,660
2023-02-01,10880,950
2023-02-01,10881,570
2023-02-01,10882,850
2023-02-01,10883,580
2023-02-01,10884,1180
2023-02-01,10885,810
2023-02-01,10886,730
2023-02-01,10887,500
2023-02-01,10888,390
2023-02-01,10889,500
2023-02-01,10890,530
2023-02-01,10891,350
2023-02-01,10892,1170
2023-02-01,10893,770
2023-02-01,10894,820
2023-02-01,10895,800
2023-02-01,10896,770
2023-02-01,10897,420
2023-02-01,10898,930
2023-02-01,10899,660
2023-02-02,10900,700
2023-02-02,10901,750
2023-02-02,10902,540
2023-02-02,10903,580
2023-02-02,10904,810
2023-02-02,10905,190
2023-02-02,10906,560
2023-02-02,10907,760
2023-02-02,10908,840
2023-02-02,10909,700
2023-02-02,10910,850
2023-02-02,10911,900
2023-02-02,10912,580
2023-02-02,10913,810
2023-02-02,10914,1180
2023-02-02,10915,370
2023-02-02,10916,560
2023-02-02,10917,290
2023-02-02,10918,820
2023-02-02,10919,630
2023-02-02,10920,910
2023-02-02,10921,1300
2023-02-02,10922,270
2023-02-02,10923,450
2023-02-02,10924,390
2023-02-02,10925,1040
2023-02-02,10926,730
2023-02-02,10927,1140
2023-02-03,10928,780
2023-02-03,10929,860
2023-02-03,10930,790
2023-02-03,10931,870
2023-02-03,10932,780
2023-02-03,10933,560
2023-02-03,10934,830
2023-02-03,10935,590
2023-02-03,10936,810
2023-02-03,10937,350
2023-02-03,10938,780
2023-02-03,10939,520
2023-02-03,10940,780
2023-02-03,10941,760
2023-02-03,10942,1320
2023-02-03,10943,770
2023-02-03,10944,1060
2023-02-03,10945,1110
2023-02-03,10946,750
2023-02-03,10947,140
2023-02-03,10948,560
2023-02-03,10949,620
2023-02-03,10950,870
2023-02-03,10951,410
2023-02-03,10952,730
2023-02-03,10953,860
2023-02-03,10954,730
2023-02-03,10955,740
2023-02-04,10956,440
2023-02-04,10957,540
2023-02-04,10958,540
2023-02-04,10959,1030
2023-02-04,10960,620
2023-02-04,10961,160
2023-02-04,10962,790
2023-02-04,10963,860
2023-02-04,10964,710
2023-02-04,10965,1140
2023-02-04,10966,590
2023-02-04,10967,670
2023-02-04,10968,440
2023-02-04,10969,1140
2023-02-04,10970,1330
2023-02-04,10971,860
2023-02-04,10972,520
2023-02-04,10973,1310
2023-02-04,10974,1210
2023-02-04,10975,930
2023-02-04,10976,440
2023-02-04,10977,770
2023-02-04,10978,380
2023-02-04,10979,620
2023-02-04,10980,400
2023-02-04,10981,320
2023-02-04,10982,330
2023-02-04,10983,510
2023-02-05,10984,650
2023-02-05,10985,1060
2023-02-05,10986,780
2023-02-05,10987,1120
2023-02-05,10988,620
2023-02-05,10989,1030
2023-02-05,10990,470
2023-02-05,10991,1260
2023-02-05,10992,530
2023-02-05,10993,440
2023-02-05,10994,780
2023-02-05,10995,950
2023-02-05,10996,660
2023-02-05,10997,340
2023-02-05,10998,570
2023-02-05,10999,650
2023-02-05,11000,1390
2023-02-05,11001,840
2023-02-05,11002,990
2023-02-05,11003,590
2023-02-05,11004,470
2023-02-05,11005,900
2023-02-05,11006,140
2023-02-05,11007,470
2023-02-05,11008,900
2023-02-05,11009,440
2023-02-05,11010,750
2023-02-05,11011,730
2023-02-06,11012,880
2023-02-06,11013,1080
2023-02-06,11014,470
2023-02-06,11015,160
2023-02-06,11016,360
2023-02-06,11017,680
2023-02-06,11018,560
2023-02-06,11019,570
2023-02-06,11020,1010
2023-02-06,11021,970
2023-02-06,11022,800
2023-02-06,11023,410
2023-02-06,11024,1090
2023-02-06,11025,510
2023-02-06,11026,1220
2023-02-06,11027,740
2023-02-06,11028,500
2023-02-06,11029,1140
2023-02-06,11030,460
2023-02-06,11031,970
2023-02-06,11032,790
2023-02-06,11033,780
2023-02-06,11034,270
2023-02-06,11035,1010
2023-02-06,11036,990
2023-02-06,11037,850
2023-02-06,11038,320
2023-02-06,11039,340
2023-02-07,11040,860
2023-02-07,11041,160
2023-02-07,11042,160
2023-02-07,11043,450
2023-02-07,11044,570
2023-02-07,11045,480
2023-02-07,11046,180
2023-02-07,11047,440
2023-02-07,11048,870
2023-02-07,11049,700
2023-02-07,11050,340
2023-02-07,11051,750
2023-02-07,11052,1110
2023-02-07,11053,580
2023-02-07,11054,290
2023-02-07,11055,910
2023-02-07,11056,410
2023-02-07,11057,940
2023-02-07,11058,490
2023-02-07,11059,1450
2023-02-07,11060,510
2023-02-07,11061,260
2023-02-07,11062,410
2023-02-07,11063,550
2023-02-07,11064,690
2023-02-07,11065,450
2023-02-07,11066,1360
2023-02-07,11067,420
2023-02-08,11068,470
2023-02-08,11069,680
2023-02-08,11070,610
2023-02-08,11071,820
2023-02-08,11072,1010
2023-02-08,11073,630
2023-02-08,11074,510
2023-02-08,11075,440
2023-02-08,11076,320
2023-02-08,11077,590
2023-02-08,11078,1210
2023-02-08,11079,1030
2023-02-08,11080,510
2023-02-08,11081,620
2023-02-08,11082,860
2023-02-08,11083,1200
2023-02-08,11084,310
2023-02-08,11085,320
2023-02-08,11086,810
2023-02-08,11087,910
2023-02-08,11088,820
2023-02-08,11089,1020
2023-02-08,11090,820
2023-02-08,11091,410
2023-02-08,11092,180
2023-02-08,11093,1080
2023-02-08,11094,390
2023-02-08,11095,1090
2023-02-09,11096,480
2023-02-09,11097,290
2023-02-09,11098,520
2023-02-09,11099,790
2023-02-09,11100,690
2023-02-09,11101,810
2023-02-09,11102,990
2023-02-09,11103,690
2023-02-09,11104,860
2023-02-09,11105,800
2023-02-09,11106,940
2023-02-09,11107,710
2023-02-09,11108,850
2023-02-09,11109,300
2023-02-09,11110,290
2023-02-09,11111,970
2023-02-09,11112,580
2023-02-09,11113,540
2023-02-09,11114,990
2023-02-09,11115,930
2023-02-09,11116,320
2023-02-09,11117,990
2023-02-09,11118,590
2023-02-09,11119,810
2023-02-09,11120,970
2023-02-09,11121,420
2023-02-09,11122,710
2023-02-09,11123,490
2023-02-10,11124,420
2023-02-10,11125,1280
2023-02-10,11126,380
2023-02-10,11127,1110
2023-02-10,11128,450
2023-02-10,11129,850
2023-02-10,11130,1030
2023-02-10,11131,870
2023-02-10,11132,350
2023-02-10,11133,630
2023-02-10,11134,810
2023-02-10,11135,780
2023-02-10,11136,1100
2023-02-10,11137,430
2023-02-10,11138,1000
2023-02-10,11139,170
2023-02-10,11140,610
2023-02-10,11141,1020
2023-02-10,11142,1160
2023-02-10,11143,560
2023-02-10,11144,170
2023-02-10,11145,830
2023-02-10,11146,1170
2023-02-10,11147,680
2023-02-10,11148,460
2023-02-10,11149,810
2023-02-10,11150,680
2023-02-10,11151,540
2023-02-11,11152,260
2023-02-11,11153,440
2023-02-11,11154,520
2023-02-11,11155,1350
2023-02-11,11156,980
2023-02-11,11157,1140
2023-02-11,11158,900
2023-02-11,11159,910
2023-02-11,11160,1200
2023-02-11,11161,1050
2023-02-11,11162,190
2023-02-11,11163,700
2023-02-11,11164,340
2023-02-11,11165,1000
2023-02-11,11166,780
2023-02-11,11167,510
2023-02-11,11168,660
2023-02-11,11169,560
2023-02-11,11170,450
2023-02-11,11171,370
2023-02-11,11172,740
2023-02-11,11173,850
2023-02-11,11174,670
2023-02-11,11175,570
2023-02-11,11176,320
2023-02-11,11177,650
2023-02-11,11178,730
2023-02-11,11179,450
2023-02-12,11180,290
2023-02-12,11181,1140
2023-02-12,11182,190
2023-02-12,11183,470
2023-02-12,11184,970
2023-02-12,11185,510
2023-02-12,11186,590
2023-02-12,11187,550
2023-02-12,11188,780
2023-02-12,11189,200
2023-02-12,11190,710
2023-02-12,11191,1030
2023-02-12,11192,410
2023-02-12,11193,1330
2023-02-12,11194,720
2023-02-12,11195,410
2023-02-12,11196,410
2023-02-12,11197,870
2023-02-12,11198,500
2023-02-12,11199,900
2023-02-12,11200,680
2023-02-12,11201,360
2023-02-12,11202,680
2023-02-12,11203,430
2023-02-12,11204,770
2023-02-12,11205,830
2023-02-12,11206,710
2023-02-12,11207,850
2023-02-13,11208,440
2023-02-13,11209,860
2023-02-13,11210,860
2023-02-13,11211,410
2023-02-13,11212,1070
2023-02-13,11213,460
2023-02-13,11214,730
2023-02-13,11215,1090
2023-02-13,11216,1010
2023-02-13,11217,570
2023-02-13,11218,870
2023-02-13,11219,590
2023-02-13,11220,760
2023-02-13,11221,650
2023-02-13,11222,290
2023-02-13,11223,830
2023-02-13,11224,320
2023-02-13,11225,840
2023-02-13,11226,680
2023-02-13,11227,680
2023-02-13,11228,750
2023-02-13,11229,330
2023-02-13,11230,680
2023-02-13,11231,430
2023-02-13,11232,780
2023-02-13,11233,190
2023-02-13,11234,460
2023-02-13,11235,290
2023-02-14,11236,740
2023-02-14,11237,660
2023-02-14,11238,910
2023-02-14,11239,1020
2023-02-14,11240,650
2023-02-14,11241,350
2023-02-14,11242,460
2023-02-14,11243,400
2023-02-14,11244,740
2023-02-14,11245,360
2023-02-14,11246,460
2023-02-14,11247,760
2023-02-14,11248,950
2023-02-14,11249,270
2023-02-14,11250,1280
2023-02-14,11251,500
2023-02-14,11252,600
2023-02-14,11253,330
2023-02-14,11254,180
2023-02-14,11255,820
2023-02-14,11256,690
2023-02-14,11257,650
2023-02-14,11258,770
2023-02-14,11259,560
2023-02-14,11260,570
2023-02-14,11261,980
2023-02-14,11262,590
2023-02-14,11263,870
2023-02-14,11264,760
2023-02-15,11265,590
2023-02-15,11266,1110
2023-02-15,11267,990
2023-02-15,11268,330
2023-02-15,11269,780
2023-02-15,11270,750
2023-02-15,11271,520
2023-02-15,11272,330
2023-02-15,11273,970
2023-02-15,11274,760
2023-02-15,11275,800
2023-02-15,11276,810
2023-02-15,11277,1130
2023-02-15,11278,570
2023-02-15,11279,760
2023-02-15,11280,370
2023-02-15,11281,850
2023-02-15,11282,520
2023-02-15,11283,890
2023-02-15,11284,610
2023-02-15,11285,830
2023-02-15,11286,480
2023-02-15,11287,440
2023-02-15,11288,690
2023-02-15,11289,460
2023-02-15,11290,580
2023-02-15,11291,870
2023-02-15,11292,640
2023-02-16,11293,940
2023-02-16,11294,1110
2023-02-16,11295,670
2023-02-16,11296,680
2023-02-16,11297,670
2023-02-16,11298,1280
2023-02-16,11299,760
2023-02-16,11300,490
2023-02-16,11301,910
2023-02-16,11302,500
2023-02-16,11303,830
2023-02-16,11304,530
2023-02-16,11305,960
2023-02-16,11306,630
2023-02-16,11307,1260
2023-02-16,11308,1300
2023-02-16,11309,480
2023-02-16,11310,730
2023-02-16,11311,980
2023-02-16,11312,630
2023-02-16,11313,700
2023-02-16,11314,560
2023-02-16,11315,780
2023-02-16,11316,900
2023-02-16,11317,730
2023-02-16,11318,900
2023-02-16,11319,630
2023-02-16,11320,390
2023-02-17,11321,750
2023-02-17,11322,1000
2023-02-17,11323,910
2023-02-17,11324,1030
2023-02-17,11325,660
2023-02-17,11326,1220
2023-02-17,11327,740
2023-02-17,11328,670
2023-02-17,11329,1020
2023-02-17,11330,820
2023-02-17,11331,850
2023-02-17,11332,480
2023-02-17,11333,930
2023-02-17,11334,740
2023-02-17,11335,710
2023-02-17,11336,1220
2023-02-17,11337,1000
2023-02-17,11338,800
2023-02-17,11339,420
2023-02-17,11340,710
2023-02-17,11341,420
2023-02-17,11342,340
2023-02-17,11343,170
2023-02-17,11344,290
2023-02-17,11345,480
2023-02-17,11346,1040
2023-02-17,11347,650
2023-02-17,11348,890
2023-02-18,11349,440
2023-02-18,11350,520
2023-02-18,11351,640
2023-02-18,11352,1160
2023-02-18,11353,620
2023-02-18,11354,510
2023-02-18,11355,750
2023-02-18,11356,1040
2023-02-18,11357,350
2023-02-18,11358,1090
2023-02-18,11359,270
2023-02-18,11360,390
2023-02-18,11361,1120
2023-02-18,11362,580
2023-02-18,11363,910
2023-02-18,11364,470
2023-02-18,11365,720
2023-02-18,11366,300
2023-02-18,11367,310
2023-02-18,11368,1200
2023-02-18,11369,970
2023-02-18,11370,430
2023-02-18,11371,1230
2023-02-18,11372,660
2023-02-18,11373,410
2023-02-18,11374,610
2023-02-18,11375,140
2023-02-18,11376,910
2023-02-19,11377,1000
2023-02-19,11378,960
2023-02-19,11379,660
2023-02-19,11380,590
2023-02-19,11381,820
2023-02-19,11382,610
2023-02-19,11383,600
2023-02-19,11384,770
2023-02-19,11385,1020
2023-02-19,11386,580
2023-02-19,11387,720
2023-02-19,11388,740
2023-02-19,11389,940
2023-02-19,11390,760
2023-02-19,11391,620
2023-02-19,11392,510
2023-02-19,11393,1040
2023-02-19,11394,780
2023-02-19,11395,510
2023-02-19,11396,470
2023-02-19,11397,790
2023-02-19,11398,840
2023-02-19,11399,660
2023-02-19,11400,900
2023-02-19,11401,720
2023-02-19,11402,730
2023-02-19,11403,190
2023-02-19,11404,670
2023-02-20,11405,190
2023-02-20,11406,920
2023-02-20,11407,390
2023-02-20,11408,740
2023-02-20,11409,590
2023-02-20,11410,730
2023-02-20,11411,690
2023-02-20,11412,160
2023-02-20,11413,770
2023-02-20,11414,920
2023-02-20,11415,170
2023-02-20,11416,660
2023-02-20,11417,740
2023-02-20,11418,400
2023-02-20,11419,570
2023-02-20,11420,380
2023-02-20,11421,490
2023-02-20,11422,740
2023-02-20,11423,440
2023-02-20,11424,330
2023-02-20,11425,1080
2023-02-20,11426,960
2023-02-20,11427,1060
2023-02-20,11428,1390
2023-02-20,11429,1110
2023-02-20,11430,510
2023-02-20,11431,230
2023-02-20,11432,730
2023-02-21,11433,610
2023-02-21,11434,880
2023-02-21,11435,1120
2023-02-21,11436,1310
2023-02-21,11437,640
2023-02-21,11438,640
2023-02-21,11439,1030
2023-02-21,11440,510
2023-02-21,11441,660
2023-02-21,11442,1150
2023-02-21,11443,1010
2023-02-21,11444,480
2023-02-21,11445,340
2023-02-21,11446,450
2023-02-21,11447,660
2023-02-21,11448,760
2023-02-21,11449,320
2023-02-21,11450,330
2023-02-21,11451,1020
2023-02-21,11452,260
2023-02-21,11453,590
2023-02-21,11454,290
2023-02-21,11455,760
2023-02-21,11456,690
2023-02-21,11457,720
2023-02-21,11458,920
2023-02-21,11459,440
2023-02-21,11460,510
2023-02-22,11461,770
2023-02-22,11462,750
2023-02-22,11463,660
2023-02-22,11464,730
2023-02-22,11465,480
2023-02-22,11466,530
2023-02-22,11467,920
2023-02-22,11468,610
2023-02-22,11469,190
2023-02-22,11470,230
2023-02-22,11471,590
2023-02-22,11472,790
2023-02-22,11473,420
2023-02-22,11474,820
2023-02-22,11475,450
2023-02-22,11476,710
2023-02-22,11477,270
2023-02-22,11478,310
2023-02-22,11479,690
2023-02-22,11480,1060
2023-02-22,11481,770
2023-02-22,11482,660
2023-02-22,11483,1320
2023-02-22,11484,1120
2023-02-22,11485,450
2023-02-22,11486,590
2023-02-22,11487,760
2023-02-22,11488,980
2023-02-23,11489,800
2023-02-23,11490,710
2023-02-23,11491,290
2023-02-23,11492,470
2023-02-23,11493,410
2023-02-23,11494,590
2023-02-23,11495,800
2023-02-23,11496,590
2023-02-23,11497,410
2023-02-23,11498,190
2023-02-23,11499,580
2023-02-23,11500,390
2023-02-23,11501,300
2023-02-23,11502,890
2023-02-23,11503,730
2023-02-23,11504,1100
2023-02-23,11505,780
2023-02-23,11506,510
2023-02-23,11507,760
2023-02-23,11508,370
2023-02-23,11509,930
2023-02-23,11510,190
2023-02-23,11511,660
2023-02-23,11512,690
2023-02-23,11513,380
2023-02-23,11514,770
2023-02-23,11515,760
2023-02-23,11516,670
2023-02-24,11517,500
2023-02-24,11518,440
2023-02-24,11519,1010
2023-02-24,11520,930
2023-02-24,11521,610
2023-02-24,11522,510
2023-02-24,11523,920
2023-02-24,11524,780
2023-02-24,11525,930
2023-02-24,11526,550
2023-02-24,11527,530
2023-02-24,11528,790
2023-02-24,11529,720
2023-02-24,11530,950
2023-02-24,11531,810
2023-02-24,11532,750
2023-02-24,11533,680
2023-02-24,11534,780
2023-02-24,11535,1060
2023-02-24,11536,800
2023-02-24,11537,850
2023-02-24,11538,700
2023-02-24,11539,480
2023-02-24,11540,240
2023-02-24,11541,1180
2023-02-24,11542,760
2023-02-24,11543,580
2023-02-24,11544,750
2023-02-25,11545,830
2023-02-25,11546,510
2023-02-25,11547,470
2023-02-25,11548,370
2023-02-25,11549,540
2023-02-25,11550,310
2023-02-25,11551,410
2023-02-25,11552,570
2023-02-25,11553,1080
2023-02-25,11554,880
2023-02-25,11555,880
2023-02-25,11556,610
2023-02-25,11557,750
2023-02-25,11558,630
2023-02-25,11559,760
2023-02-25,11560,720
2023-02-25,11561,180
2023-02-25,11562,410
2023-02-25,11563,1120
2023-02-25,11564,870
2023-02-25,11565,390
2023-02-25,11566,620
2023-02-25,11567,1000
2023-02-25,11568,620
2023-02-25,11569,280
2023-02-25,11570,950
2023-02-25,11571,670
2023-02-25,11572,720
2023-02-26,11573,790
2023-02-26,11574,600
2023-02-26,11575,910
2023-02-26,11576,200
2023-02-26,11577,370
2023-02-26,11578,920
2023-02-26,11579,860
2023-02-26,11580,450
2023-02-26,11581,580
2023-02-26,11582,740
2023-02-26,11583,1320
2023-02-26,11584,510
2023-02-26,11585,730
2023-02-26,11586,990
2023-02-26,11587,370
2023-02-26,11588,720
2023-02-26,11589,910
2023-02-26,11590,900
2023-02-26,11591,1090
2023-02-26,11592,750
2023-02-26,11593,910
2023-02-26,11594,310
2023-02-26,11595,490
2023-02-26,11596,1070
2023-02-26,11597,920
2023-02-26,11598,450
2023-02-26,11599,320
2023-02-26,11600,1100
2023-02-27,11601,840
2023-02-27,11602,420
2023-02-27,11603,970
2023-02-27,11604,600
2023-02-27,11605,1350
2023-02-27,11606,1030
2023-02-27,11607,700
2023-02-27,11608,1020
2023-02-27,11609,440
2023-02-27,11610,350
2023-02-27,11611,460
2023-02-27,11612,930
2023-02-27,11613,700
2023-02-27,11614,1130
2023-02-27,11615,930
2023-02-27,11616,1180
2023-02-27,11617,670
2023-02-27,11618,710
2023-02-27,11619,1020
2023-02-27,11620,470
2023-02-27,11621,580
2023-02-27,11622,330
2023-02-27,11623,410
2023-02-27,11624,860
2023-02-27,11625,1230
2023-02-27,11626,620
2023-02-27,11627,430
2023-02-27,11628,530
2023-02-28,11629,710
2023-02-28,11630,390
2023-02-28,11631,680
2023-02-28,11632,820
2023-02-28,11633,360
2023-02-28,11634,490
2023-02-28,11635,380
2023-02-28,11636,970
2023-02-28,11637,1070
2023-02-28,11638,760
2023-02-28,11639,460
2023-02-28,11640,390
2023-02-28,11641,400
2023-02-28,11642,940
2023-02-28,11643,240
2023-02-28,11644,190
2023-02-28,11645,890
2023-02-28,11646,910
2023-02-28,11647,840
2023-02-28,11648,1080
2023-02-28,11649,1050
2023-02-28,11650,600
2023-02-28,11651,720
2023-02-28,11652,550
2023-02-28,11653,360
2023-02-28,11654,600
2023-02-28,11655,560
2023-02-28,11656,620
2023-03-01,11657,870
2023-03-01,11658,580
2023-03-01,11659,1030
2023-03-01,11660,640
2023-03-01,11661,540
2023-03-01,11662,690
2023-03-01,11663,1060
2023-03-01,11664,320
2023-03-01,11665,260
2023-03-01,11666,820
2023-03-01,11667,580
2023-03-01,11668,560
2023-03-01,11669,720
2023-03-01,11670,1000
2023-03-01,11671,700
2023-03-01,11672,190
2023-03-01,11673,1280
2023-03-01,11674,470
2023-03-01,11675,420
2023-03-01,11676,750
2023-03-01,11677,460
2023-03-01,11678,700
2023-03-01,11679,700
2023-03-01,11680,1160
2023-03-01,11681,830
2023-03-01,11682,500
2023-03-01,11683,450
2023-03-01,11684,920
2023-03-01,11685,520
2023-03-02,11686,1040
2023-03-02,11687,1310
2023-03-02,11688,590
2023-03-02,11689,1060
2023-03-02,11690,1190
2023-03-02,11691,610
2023-03-02,11692,840
2023-03-02,11693,290
2023-03-02,11694,830
2023-03-02,11695,900
2023-03-02,11696,640
2023-03-02,11697,290
2023-03-02,11698,1210
2023-03-02,11699,200
2023-03-02,11700,650
2023-03-02,11701,1000
2023-03-02,11702,650
2023-03-02,11703,920
2023-03-02,11704,880
2023-03-02,11705,960
2023-03-02,11706,530
2023-03-02,11707,550
2023-03-02,11708,370
2023-03-02,11709,1240
2023-03-02,11710,560
2023-03-02,11711,350
2023-03-02,11712,1090
2023-03-02,11713,1070
2023-03-03,11714,280
2023-03-03,11715,620
2023-03-03,11716,770
2023-03-03,11717,1200
2023-03-03,11718,1280
2023-03-03,11719,1180
2023-03-03,11720,140
2023-03-03,11721,1000
2023-03-03,11722,500
2023-03-03,11723,340
2023-03-03,11724,760
2023-03-03,11725,600
2023-03-03,11726,470
2023-03-03,11727,320
2023-03-03,11728,990
2023-03-03,11729,890
2023-03-03,11730,1020
2023-03-03,11731,610
2023-03-03,11732,770
2023-03-03,11733,490
2023-03-03,11734,790
2023-03-03,11735,520
2023-03-03,11736,1150
2023-03-03,11737,340
2023-03-03,11738,990
2023-03-03,11739,630
2023-03-03,11740,1140
2023-03-03,11741,160
2023-03-04,11742,1220
2023-03-04,11743,1130
2023-03-04,11744,1040
2023-03-04,11745,550
2023-03-04,11746,640
2023-03-04,11747,1050
2023-03-04,11748,840
2023-03-04,11749,380
2023-03-04,11750,1120
2023-03-04,11751,1100
2023-03-04,11752,500
2023-03-04,11753,910
2023-03-04,11754,1090
2023-03-04,11755,570
2023-03-04,11756,390
2023-03-04,11757,770
2023-03-04,11758,880
2023-03-04,11759,1210
2023-03-04,11760,720
2023-03-04,11761,760
2023-03-04,11762,750
2023-03-04,11763,800
2023-03-04,11764,1030
2023-03-04,11765,450
2023-03-04,11766,340
2023-03-04,11767,320
2023-03-04,11768,380
2023-03-04,11769,180
2023-03-05,11770,730
2023-03-05,11771,1080
2023-03-05,11772,890
2023-03-05,11773,870
2023-03-05,11774,580
2023-03-05,11775,770
2023-03-05,11776,480
2023-03-05,11777,470
2023-03-05,11778,960
2023-03-05,11779,1160
2023-03-05,11780,910
2023-03-05,11781,900
2023-03-05,11782,850
2023-03-05,11783,840
2023-03-05,11784,900
2023-03-05,11785,570
2023-03-05,11786,460
2023-03-05,11787,1170
2023-03-05,11788,410
2023-03-05,11789,1030
2023-03-05,11790,800
2023-03-05,11791,850
2023-03-05,11792,390
2023-03-05,11793,1130
2023-03-05,11794,1500
2023-03-05,11795,1290
2023-03-05,11796,470
2023-03-05,11797,380
2023-03-06,11798,190
2023-03-06,11799,530
2023-03-06,11800,290
2023-03-06,11801,180
2023-03-06,11802,140
2023-03-06,11803,440
2023-03-06,11804,1240
2023-03-06,11805,600
2023-03-06,11806,510
2023-03-06,11807,750
2023-03-06,11808,880
2023-03-06,11809,920
2023-03-06,11810,440
2023-03-06,11811,630
2023-03-06,11812,640
2023-03-06,11813,320
2023-03-06,11814,820
2023-03-06,11815,830
2023-03-06,11816,990
2023-03-06,11817,410
2023-03-06,11818,920
2023-03-06,11819,1130
2023-03-06,11820,530
2023-03-06,11821,290
2023-03-06,11822,720
2023-03-06,11823,810
2023-03-06,11824,970
2023-03-06,11825,600
2023-03-07,11826,880
2023-03-07,11827,360
2023-03-07,11828,370
2023-03-07,11829,1220
2023-03-07,11830,800
2023-03-07,11831,440
2023-03-07,11832,1030
2023-03-07,11833,900
2023-03-07,11834,480
2023-03-07,11835,420
2023-03-07,11836,830
2023-03-07,11837,670
2023-03-07,11838,770
2023-03-07,11839,690
2023-03-07,11840,1040
2023-03-07,11841,190
2023-03-07,11842,860
2023-03-07,11843,440
2023-03-07,11844,670
2023-03-07,11845,920
2023-03-07,11846,330
2023-03-07,11847,510
2023-03-07,11848,1070
2023-03-07,11849,640
2023-03-07,11850,1560
2023-03-07,11851,880
2023-03-07,11852,1270
2023-03-07,11853,430
2023-03-08,11854,580
2023-03-08,11855,190
2023-03-08,11856,320
2023-03-08,11857,770
2023-03-08,11858,890
2023-03-08,11859,890
2023-03-08,11860,370
2023-03-08,11861,440
2023-03-08,11862,640
2023-03-08,11863,880
2023-03-08,11864,880
2023-03-08,11865,710
2023-03-08,11866,540
2023-03-08,11867,830
2023-03-08,11868,730
2023-03-08,11869,1080
2023-03-08,11870,510
2023-03-08,11871,420
2023-03-08,11872,890
2023-03-08,11873,750
2023-03-08,11874,470
2023-03-08,11875,640
2023-03-08,11876,1060
2023-03-08,11877,670
2023-03-08,11878,610
2023-03-08,11879,870
2023-03-08,11880,760
2023-03-08,11881,910
2023-03-09,11882,1110
2023-03-09,11883,850
2023-03-09,11884,860
2023-03-09,11885,350
2023-03-09,11886,920
2023-03-09,11887,740
2023-03-09,11888,1010
2023-03-09,11889,1060
2023-03-09,11890,1160
2023-03-09,11891,1090
2023-03-09,11892,970
2023-03-09,11893,790
2023-03-09,11894,680
2023-03-09,11895,710
2023-03-09,11896,350
2023-03-09,11897,540
2023-03-09,11898,500
2023-03-09,11899,620
2023-03-09,11900,330
2023-03-09,11901,540
2023-03-09,11902,440
2023-03-09,11903,450
2023-03-09,11904,460
2023-03-09,11905,1550
2023-03-09,11906,770
2023-03-09,11907,1130
2023-03-09,11908,1140
2023-03-09,11909,690
2023-03-10,11910,730
2023-03-10,11911,1000
2023-03-10,11912,1290
2023-03-10,11913,1020
2023-03-10,11914,780
2023-03-10,11915,360
2023-03-10,11916,440
2023-03-10,11917,1170
2023-03-10,11918,710
2023-03-10,11919,840
2023-03-10,11920,530
2023-03-10,11921,740
2023-03-10,11922,1020
2023-03-10,11923,160
2023-03-10,11924,610
2023-03-10,11925,570
2023-03-10,11926,790
2023-03-10,11927,290
2023-03-10,11928,1000
2023-03-10,11929,460
2023-03-10,11930,750
2023-03-10,11931,740
2023-03-10,11932,420
2023-03-10,11933,310
2023-03-10,11934,1170
2023-03-10,11935,910
2023-03-10,11936,1110
2023-03-10,11937,280
2023-03-11,11938,1150
2023-03-11,11939,340
2023-03-11,11940,810
2023-03-11,11941,700
2023-03-11,11942,850
2023-03-11,11943,570
2023-03-11,11944,480
2023-03-11,11945,330
2023-03-11,11946,1050
2023-03-11,11947,840
2023-03-11,11948,320
2023-03-11,11949,1120
2023-03-11,11950,580
2023-03-11,11951,1220
2023-03-11,11952,740
2023-03-11,11953,530
2023-03-11,11954,540
2023-03-11,11955,910
2023-03-11,11956,730
2023-03-11,11957,700
2023-03-11,11958,900
2023-03-11,11959,790
2023-03-11,11960,500
2023-03-11,11961,960
2023-03-11,11962,1060
2023-03-11,11963,440
2023-03-11,11964,670
2023-03-11,11965,870
2023-03-12,11966,340
2023-03-12,11967,510
2023-03-12,11968,670
2023-03-12,11969,970
2023-03-12,11970,630
2023-03-12,11971,790
2023-03-12,11972,890
2023-03-12,11973,530
2023-03-12,11974,520
2023-03-12,11975,990
2023-03-12,11976,690
2023-03-12,11977,320
2023-03-12,11978,310
2023-03-12,11979,950
2023-03-12,11980,610
2023-03-12,11981,970
2023-03-12,11982,290
2023-03-12,11983,790
2023-03-12,11984,320
2023-03-12,11985,470
2023-03-12,11986,700
2023-03-12,11987,840
2023-03-12,11988,1030
2023-03-12,11989,840
2023-03-12,11990,230
2023-03-12,11991,1210
2023-03-12,11992,630
2023-03-12,11993,680
2023-03-13,11994,450
2023-03-13,11995,470
2023-03-13,11996,910
2023-03-13,11997,550
2023-03-13,11998,560
2023-03-13,11999,920
2023-03-13,12000,750
2023-03-13,12001,600
2023-03-13,12002,650
2023-03-13,12003,790
2023-03-13,12004,410
2023-03-13,12005,940
2023-03-13,12006,840
2023-03-13,12007,750
2023-03-13,12008,950
2023-03-13,12009,840
2023-03-13,12010,720
2023-03-13,12011,860
2023-03-13,12012,610
2023-03-13,12013,1110
2023-03-13,12014,840
2023-03-13,12015,1000
2023-03-13,12016,550
2023-03-13,12017,800
2023-03-13,12018,1250
2023-03-13,12019,650
2023-03-13,12020,500
2023-03-13,12021,850
2023-03-14,12022,480
2023-03-14,12023,1060
2023-03-14,12024,830
2023-03-14,12025,660
2023-03-14,12026,740
2023-03-14,12027,520
2023-03-14,12028,1090
2023-03-14,12029,780
2023-03-14,12030,1150
2023-03-14,12031,410
2023-03-14,12032,270
2023-03-14,12033,440
2023-03-14,12034,610
2023-03-14,12035,190
2023-03-14,12036,700
2023-03-14,12037,190
2023-03-14,12038,440
2023-03-14,12039,640
2023-03-14,12040,630
2023-03-14,12041,540
2023-03-14,12042,660
2023-03-14,12043,560
2023-03-14,12044,570
2023-03-14,12045,720
2023-03-14,12046,860
2023-03-14,12047,550
2023-03-14,12048,850
2023-03-14,12049,710
2023-03-15,12050,790
2023-03-15,12051,630
2023-03-15,12052,650
2023-03-15,12053,560
2023-03-15,12054,760
2023-03-15,12055,880
2023-03-15,12056,890
2023-03-15,12057,1050
2023-03-15,12058,440
2023-03-15,12059,1350
2023-03-15,12060,410
2023-03-15,12061,700
2023-03-15,12062,1070
2023-03-15,12063,1060
2023-03-15,12064,850
2023-03-15,12065,260
2023-03-15,12066,590
2023-03-15,12067,590
2023-03-15,12068,490
2023-03-15,12069,900
2023-03-15,12070,770
2023-03-15,12071,170
2023-03-15,12072,560
2023-03-15,12073,510
2023-03-15,12074,860
2023-03-15,12075,310
2023-03-15,12076,1100
2023-03-15,12077,720
2023-03-16,12078,410
2023-03-16,12079,430
2023-03-16,12080,340
2023-03-16,12081,610
2023-03-16,12082,550
2023-03-16,12083,180
2023-03-16,12084,640
2023-03-16,12085,1050
2023-03-16,12086,720
2023-03-16,12087,330
2023-03-16,12088,1550
2023-03-16,12089,890
2023-03-16,12090,750
2023-03-16,12091,410
2023-03-16,12092,580
2023-03-16,12093,680
2023-03-16,12094,1010
2023-03-16,12095,340
2023-03-16,12096,290
2023-03-16,12097,710
2023-03-16,12098,490
2023-03-16,12099,1260
2023-03-16,12100,680
2023-03-16,12101,200
2023-03-16,12102,920
2023-03-16,12103,1000
2023-03-16,12104,410
2023-03-16,12105,160
2023-03-16,12106,140
2023-03-17,12107,1070
2023-03-17,12108,730
2023-03-17,12109,470
2023-03-17,12110,320
2023-03-17,12111,920
2023-03-17,12112,320
2023-03-17,12113,320
2023-03-17,12114,560
2023-03-17,12115,350
2023-03-17,12116,850
2023-03-17,12117,930
2023-03-17,12118,560
2023-03-17,12119,710
2023-03-17,12120,710
2023-03-17,12121,180
2023-03-17,12122,530
2023-03-17,12123,1050
2023-03-17,12124,500
2023-03-17,12125,590
2023-03-17,12126,960
2023-03-17,12127,800
2023-03-17,12128,660
2023-03-17,12129,720
2023-03-17,12130,960
2023-03-17,12131,500
2023-03-17,12132,950
2023-03-17,12133,560
2023-03-17,12134,650
2023-03-18,12135,360
2023-03-18,12136,300
2023-03-18,12137,790
2023-03-18,12138,590
2023-03-18,12139,900
2023-03-18,12140,880
2023-03-18,12141,530
2023-03-18,12142,570
2023-03-18,12143,560
2023-03-18,12144,180
2023-03-18,12145,650
2023-03-18,12146,1030
2023-03-18,12147,1250
2023-03-18,12148,380
2023-03-18,12149,830
2023-03-18,12150,760
2023-03-18,12151,510
2023-03-18,12152,410
2023-03-18,12153,140
2023-03-18,12154,810
2023-03-18,12155,950
2023-03-18,12156,1080
2023-03-18,12157,390
2023-03-18,12158,380
2023-03-18,12159,1380
2023-03-18,12160,690
2023-03-18,12161,600
2023-03-18,12162,460
2023-03-19,12163,660
2023-03-19,12164,1270
2023-03-19,12165,1040
2023-03-19,12166,730
2023-03-19,12167,850
2023-03-19,12168,630
2023-03-19,12169,850
2023-03-19,12170,490
2023-03-19,12171,160
2023-03-19,12172,1060
2023-03-19,12173,310
2023-03-19,12174,300
2023-03-19,12175,600
2023-03-19,12176,740
2023-03-19,12177,780
2023-03-19,12178,410
2023-03-19,12179,360
2023-03-19,12180,840
2023-03-19,12181,670
2023-03-19,12182,690
2023-03-19,12183,500
2023-03-19,12184,460
2023-03-19,12185,820
2023-03-19,12186,500
2023-03-19,12187,610
2023-03-19,12188,390
2023-03-19,12189,570
2023-03-19,12190,540
2023-03-20,12191,440
2023-03-20,12192,1090
2023-03-20,12193,1120
2023-03-20,12194,1160
2023-03-20,12195,510
2023-03-20,12196,530
2023-03-20,12197,1030
2023-03-20,12198,310
2023-03-20,12199,1220
2023-03-20,12200,440
2023-03-20,12201,1130
2023-03-20,12202,770
2023-03-20,12203,1110
2023-03-20,12204,540
2023-03-20,12205,780
2023-03-20,12206,500
2023-03-20,12207,430
2023-03-20,12208,590
2023-03-20,12209,800
2023-03-20,12210,460
2023-03-20,12211,660
2023-03-20,12212,660
2023-03-20,12213,1090
2023-03-20,12214,620
2023-03-20,12215,640
2023-03-20,12216,1190
2023-03-20,12217,740
2023-03-20,12218,610
2023-03-21,12219,660
2023-03-21,12220,900
2023-03-21,12221,1150
2023-03-21,12222,620
2023-03-21,12223,790
2023-03-21,12224,470
2023-03-21,12225,970
2023-03-21,12226,560
2023-03-21,12227,960
2023-03-21,12228,350
2023-03-21,12229,390
2023-03-21,12230,480
2023-03-21,12231,900
2023-03-21,12232,870
2023-03-21,12233,720
2023-03-21,12234,1170
2023-03-21,12235,1020
2023-03-21,12236,880
2023-03-21,12237,1000
2023-03-21,12238,160
2023-03-21,12239,740
2023-03-21,12240,540
2023-03-21,12241,930
2023-03-21,12242,880
2023-03-21,12243,610
2023-03-21,12244,360
2023-03-21,12245,1080
2023-03-21,12246,1220
2023-03-22,12247,950
2023-03-22,12248,940
2023-03-22,12249,710
2023-03-22,12250,290
2023-03-22,12251,1150
2023-03-22,12252,370
2023-03-22,12253,260
2023-03-22,12254,440
2023-03-22,12255,610
2023-03-22,12256,970
2023-03-22,12257,160
2023-03-22,12258,330
2023-03-22,12259,1000
2023-03-22,12260,1040
2023-03-22,12261,620
2023-03-22,12262,580
2023-03-22,12263,1170
2023-03-22,12264,320
2023-03-22,12265,640
2023-03-22,12266,1240
2023-03-22,12267,870
2023-03-22,12268,740
2023-03-22,12269,630
2023-03-22,12270,460
2023-03-22,12271,1390
2023-03-22,12272,410
2023-03-22,12273,410
2023-03-22,12274,720
2023-03-23,12275,910
2023-03-23,12276,330
2023-03-23,12277,380
2023-03-23,12278,580
2023-03-23,12279,290
2023-03-23,12280,140
2023-03-23,12281,1010
2023-03-23,12282,730
2023-03-23,12283,540
2023-03-23,12284,980
2023-03-23,12285,530
2023-03-23,12286,660
2023-03-23,12287,890
2023-03-23,12288,710
2023-03-23,12289,900
2023-03-23,12290,1030
2023-03-23,12291,560
2023-03-23,12292,1070
2023-03-23,12293,320
2023-03-23,12294,1140
2023-03-23,12295,700
2023-03-23,12296,310
2023-03-23,12297,1250
2023-03-23,12298,660
2023-03-23,12299,1140
2023-03-23,12300,690
2023-03-23,12301,660
2023-03-23,12302,590
2023-03-24,12303,720
2023-03-24,12304,840
2023-03-24,12305,790
2023-03-24,12306,800
2023-03-24,12307,700
2023-03-24,12308,930
2023-03-24,12309,590
2023-03-24,12310,540
2023-03-24,12311,730
2023-03-24,12312,710
2023-03-24,12313,650
2023-03-24,12314,740
2023-03-24,12315,650
2023-03-24,12316,630
2023-03-24,12317,750
2023-03-24,12318,1300
2023-03-24,12319,380
2023-03-24,12320,380
2023-03-24,12321,340
2023-03-24,12322,530
2023-03-24,12323,440
2023-03-24,12324,610
2023-03-24,12325,660
2023-03-24,12326,290
2023-03-24,12327,750
2023-03-24,12328,470
2023-03-24,12329,480
2023-03-24,12330,940
2023-03-25,12331,140
2023-03-25,12332,1100
2023-03-25,12333,1060
2023-03-25,12334,820
2023-03-25,12335,560
2023-03-25,12336,810
2023-03-25,12337,280
2023-03-25,12338,410
2023-03-25,12339,920
2023-03-25,12340,570
2023-03-25,12341,820
2023-03-25,12342,190
2023-03-25,12343,300
2023-03-25,12344,980
2023-03-25,12345,370
2023-03-25,12346,340
2023-03-25,12347,640
2023-03-25,12348,880
2023-03-25,12349,600
2023-03-25,12350,1230
2023-03-25,12351,340
2023-03-25,12352,550
2023-03-25,12353,400
2023-03-25,12354,410
2023-03-25,12355,590
2023-03-25,12356,1090
2023-03-25,12357,980
2023-03-25,12358,1230
2023-03-26,12359,600
2023-03-26,12360,390
2023-03-26,12361,510
2023-03-26,12362,570
2023-03-26,12363,660
2023-03-26,12364,340
2023-03-26,12365,370
2023-03-26,12366,880
2023-03-26,12367,460
2023-03-26,12368,650
2023-03-26,12369,440
2023-03-26,12370,630
2023-03-26,12371,850
2023-03-26,12372,650
2023-03-26,12373,350
2023-03-26,12374,960
2023-03-26,12375,440
2023-03-26,12376,410
2023-03-26,12377,810
2023-03-26,12378,830
2023-03-26,12379,650
2023-03-26,12380,750
2023-03-26,12381,1240
2023-03-26,12382,1000
2023-03-26,12383,1050
2023-03-26,12384,260
2023-03-26,12385,790
2023-03-26,12386,660
2023-03-27,12387,630
2023-03-27,12388,890
2023-03-27,12389,320
2023-03-27,12390,810
2023-03-27,12391,300
2023-03-27,12392,530
2023-03-27,12393,1060
2023-03-27,12394,550
2023-03-27,12395,1140
2023-03-27,12396,920
2023-03-27,12397,320
2023-03-27,12398,520
2023-03-27,12399,260
2023-03-27,12400,700
2023-03-27,12401,910
2023-03-27,12402,1180
2023-03-27,12403,910
2023-03-27,12404,450
2023-03-27,12405,740
2023-03-27,12406,560
2023-03-27,12407,460
2023-03-27,12408,350
2023-03-27,12409,670
2023-03-27,12410,740
2023-03-27,12411,630
2023-03-27,12412,310
2023-03-27,12413,880
2023-03-27,12414,770
2023-03-28,12415,770
2023-03-28,12416,630
2023-03-28,12417,660
2023-03-28,12418,1020
2023-03-28,12419,920
2023-03-28,12420,620
2023-03-28,12421,540
2023-03-28,12422,610
2023-03-28,12423,910
2023-03-28,12424,690
2023-03-28,12425,600
2023-03-28,12426,1120
2023-03-28,12427,1420
2023-03-28,12428,1270
2023-03-28,12429,730
2023-03-28,12430,560
2023-03-28,12431,580
2023-03-28,12432,820
2023-03-28,12433,280
2023-03-28,12434,770
2023-03-28,12435,780
2023-03-28,12436,930
2023-03-28,12437,1140
2023-03-28,12438,860
2023-03-28,12439,1080
2023-03-28,12440,400
2023-03-28,12441,920
2023-03-28,12442,1140
2023-03-29,12443,710
2023-03-29,12444,740
2023-03-29,12445,280
2023-03-29,12446,1040
2023-03-29,12447,1090
2023-03-29,12448,850
2023-03-29,12449,910
2023-03-29,12450,700
2023-03-29,12451,440
2023-03-29,12452,800
2023-03-29,12453,850
2023-03-29,12454,930
2023-03-29,12455,970
2023-03-29,12456,520
2023-03-29,12457,640
2023-03-29,12458,410
2023-03-29,12459,690
2023-03-29,12460,990
2023-03-29,12461,720
2023-03-29,12462,490
2023-03-29,12463,500
2023-03-29,12464,1130
2023-03-29,12465,200
2023-03-29,12466,1080
2023-03-29,12467,280
2023-03-29,12468,550
2023-03-29,12469,180
2023-03-29,12470,1030
2023-03-30,12471,1060
2023-03-30,12472,550
2023-03-30,12473,320
2023-03-30,12474,1120
2023-03-30,12475,990
2023-03-30,12476,480
2023-03-30,12477,920
2023-03-30,12478,460
2023-03-30,12479,590
2023-03-30,12480,340
2023-03-30,12481,440
2023-03-30,12482,700
2023-03-30,12483,590
2023-03-30,12484,490
2023-03-30,12485,790
2023-03-30,12486,420
2023-03-30,12487,970
2023-03-30,12488,480
2023-03-30,12489,770
2023-03-30,12490,650
2023-03-30,12491,880
2023-03-30,12492,480
2023-03-30,12493,530
2023-03-30,12494,720
2023-03-30,12495,620
2023-03-30,12496,550
2023-03-30,12497,200
2023-03-30,12498,560
2023-03-31,12499,1230
2023-04-01,12500,1380
2023-04-01,12501,1390
2023-04-01,12502,520
2023-04-01,12503,580
2023-04-01,12504,430
2023-04-01,12505,1200
2023-04-01,12506,1370
2023-04-01,12507,420
2023-04-01,12508,500
2023-04-01,12509,1180
2023-04-01,12510,930
2023-04-01,12511,720
2023-04-01,12512,1530
2023-04-01,12513,1420
2023-04-01,12514,840
2023-04-01,12515,830
2023-04-01,12516,680
2023-04-01,12517,490
2023-04-01,12518,660
2023-04-01,12519,380
2023-04-01,12520,1320
2023-04-01,12521,990
2023-04-01,12522,170
2023-04-01,12523,1420
2023-04-01,12524,1190
2023-04-01,12525,900
2023-04-01,12526,1210
2023-04-01,12527,970
2023-04-01,12528,1290
2023-04-02,12529,1040
2023-04-02,12530,470
2023-04-02,12531,1100
2023-04-02,12532,620
2023-04-02,12533,670
2023-04-02,12534,1170
2023-04-02,12535,1510
2023-04-02,12536,1430
2023-04-02,12537,710
2023-04-02,12538,360
2023-04-02,12539,810
2023-04-02,12540,620
2023-04-02,12541,1190
2023-04-02,12542,730
2023-04-02,12543,450
2023-04-02,12544,470
2023-04-02,12545,1660
2023-04-02,12546,760
2023-04-02,12547,600
2023-04-02,12548,1730
2023-04-02,12549,680
2023-04-02,12550,410
2023-04-02,12551,540
2023-04-02,12552,660
2023-04-02,12553,750
2023-04-02,12554,1060
2023-04-02,12555,690
2023-04-02,12556,610
2023-04-02,12557,960
2023-04-03,12558,630
2023-04-03,12559,1250
2023-04-03,12560,290
2023-04-03,12561,1140
2023-04-03,12562,960
2023-04-03,12563,860
2023-04-03,12564,1500
2023-04-03,12565,1110
2023-04-03,12566,1680
2023-04-03,12567,490
2023-04-03,12568,1000
2023-04-03,12569,1110
2023-04-03,12570,1150
2023-04-03,12571,250
2023-04-03,12572,1150
2023-04-03,12573,1380
2023-04-03,12574,1380
2023-04-03,12575,1340
2023-04-03,12576,1030
2023-04-03,12577,1080
2023-04-03,12578,1090
2023-04-03,12579,470
2023-04-03,12580,170
2023-04-03,12581,830
2023-04-03,12582,430
2023-04-03,12583,1140
2023-04-03,12584,1640
2023-04-03,12585,870
2023-04-03,12586,1210
2023-04-04,12587,1190
2023-04-04,12588,580
2023-04-04,12589,820
2023-04-04,12590,560
2023-04-04,12591,790
2023-04-04,12592,1470
2023-04-04,12593,1200
2023-04-04,12594,700
2023-04-04,12595,690
2023-04-04,12596,580
2023-04-04,12597,330
2023-04-04,12598,1620
2023-04-04,12599,960
2023-04-04,12600,490
2023-04-04,12601,770
2023-04-04,12602,710
2023-04-04,12603,660
2023-04-04,12604,1040
2023-04-04,12605,370
2023-04-04,12606,860
2023-04-04,12607,1130
2023-04-04,12608,630
2023-04-04,12609,1160
2023-04-04,12610,600
2023-04-04,12611,990
2023-04-04,12612,920
2023-04-04,12613,1720
2023-04-04,12614,1440
2023-04-04,12615,1420
2023-04-05,12616,1050
2023-04-05,12617,1360
2023-04-05,12618,650
2023-04-05,12619,680
2023-04-05,12620,920
2023-04-05,12621,1650
2023-04-05,12622,490
2023-04-05,12623,1060
2023-04-05,12624,890
2023-04-05,12625,1250
2023-04-05,12626,1540
2023-04-05,12627,640
2023-04-05,12628,570
2023-04-05,12629,1640
2023-04-05,12630,590
2023-04-05,12631,580
2023-04-05,12632,970
2023-04-05,12633,780
2023-04-05,12634,180
2023-04-05,12635,1110
2023-04-05,12636,1220
2023-04-05,12637,720
2023-04-05,12638,1540
2023-04-05,12639,620
2023-04-05,12640,420
2023-04-05,12641,290
2023-04-05,12642,940
2023-04-05,12643,710
2023-04-05,12644,640
2023-04-06,12645,630
2023-04-06,12646,1020
2023-04-06,12647,1320
2023-04-06,12648,570
2023-04-06,12649,860
2023-04-06,12650,1140
2023-04-06,12651,700
2023-04-06,12652,580
2023-04-06,12653,980
2023-04-06,12654,660
2023-04-06,12655,1170
2023-04-06,12656,450
2023-04-06,12657,920
2023-04-06,12658,700
2023-04-06,12659,1750
2023-04-06,12660,370
2023-04-06,12661,990
2023-04-06,12662,440
2023-04-06,12663,1260
2023-04-06,12664,580
2023-04-06,12665,1670
2023-04-06,12666,930
2023-04-06,12667,1040
2023-04-06,12668,1370
2023-04-06,12669,1220
2023-04-06,12670,1070
2023-04-06,12671,380
2023-04-06,12672,840
2023-04-06,12673,1070
2023-04-07,12674,790
2023-04-07,12675,750
2023-04-07,12676,840
2023-04-07,12677,550
2023-04-07,12678,1030
2023-04-07,12679,590
2023-04-07,12680,470
2023-04-07,12681,340
2023-04-07,12682,600
2023-04-07,12683,890
2023-04-07,12684,290
2023-04-07,12685,310
2023-04-07,12686,1740
2023-04-07,12687,770
2023-04-07,12688,920
2023-04-07,12689,1660
2023-04-07,12690,810
2023-04-07,12691,390
2023-04-07,12692,990
2023-04-07,12693,1060
2023-04-07,12694,1360
2023-04-07,12695,1140
2023-04-07,12696,1400
2023-04-07,12697,460
2023-04-07,12698,290
2023-04-07,12699,490
2023-04-07,12700,1100
2023-04-07,12701,1150
2023-04-07,12702,470
2023-04-08,12703,1690
2023-04-08,12704,1190
2023-04-08,12705,940
2023-04-08,12706,1160
2023-04-08,12707,810
2023-04-08,12708,780
2023-04-08,12709,1470
2023-04-08,12710,950
2023-04-08,12711,1240
2023-04-08,12712,550
2023-04-08,12713,850
2023-04-08,12714,1090
2023-04-08,12715,290
2023-04-08,12716,850
2023-04-08,12717,1000
2023-04-08,12718,600
2023-04-08,12719,320
2023-04-08,12720,760
2023-04-08,12721,440
2023-04-08,12722,730
2023-04-08,12723,960
2023-04-08,12724,1070
2023-04-08,12725,560
2023-04-08,12726,930
2023-04-08,12727,160
2023-04-08,12728,1970
2023-04-08,12729,470
2023-04-08,12730,890
2023-04-08,12731,1180
2023-04-09,12732,900
2023-04-09,12733,560
2023-04-09,12734,330
2023-04-09,12735,470
2023-04-09,12736,850
2023-04-09,12737,440
2023-04-09,12738,960
2023-04-09,12739,1590
2023-04-09,12740,1210
2023-04-09,12741,700
2023-04-09,12742,1160
2023-04-09,12743,1020
2023-04-09,12744,470
2023-04-09,12745,1280
2023-04-09,12746,360
2023-04-09,12747,720
2023-04-09,12748,860
2023-04-09,12749,1500
2023-04-09,12750,1130
2023-04-09,12751,1260
2023-04-09,12752,1380
2023-04-09,12753,690
2023-04-09,12754,640
2023-04-09,12755,1880
2023-04-09,12756,510
2023-04-09,12757,1490
2023-04-09,12758,320
2023-04-09,12759,1380
2023-04-09,12760,1350
2023-04-10,12761,1010
2023-04-10,12762,510
2023-04-10,12763,1400
2023-04-10,12764,310
2023-04-10,12765,200
2023-04-10,12766,740
2023-04-10,12767,510
2023-04-10,12768,770
2023-04-10,12769,500
2023-04-10,12770,430
2023-04-10,12771,1040
2023-04-10,12772,300
2023-04-10,12773,1060
2023-04-10,12774,640
2023-04-10,12775,450
2023-04-10,12776,1180
2023-04-10,12777,1120
2023-04-10,12778,1690
2023-04-10,12779,580
2023-04-10,12780,1070
2023-04-10,12781,1160
2023-04-10,12782,1470
2023-04-10,12783,1250
2023-04-10,12784,1330
2023-04-10,12785,1770
2023-04-10,12786,190
2023-04-10,12787,1140
2023-04-10,12788,910
2023-04-11,12789,1330
2023-04-11,12790,140
2023-04-11,12791,960
2023-04-11,12792,1250
2023-04-11,12793,950
2023-04-11,12794,190
2023-04-11,12795,400
2023-04-11,12796,1430
2023-04-11,12797,900
2023-04-11,12798,1460
2023-04-11,12799,480
2023-04-11,12800,1540
2023-04-11,12801,1320
2023-04-11,12802,440
2023-04-11,12803,390
2023-04-11,12804,590
2023-04-11,12805,980
2023-04-11,12806,520
2023-04-11,12807,770
2023-04-11,12808,840
2023-04-11,12809,1060
2023-04-11,12810,1460
2023-04-11,12811,510
2023-04-11,12812,320
2023-04-11,12813,1390
2023-04-11,12814,280
2023-04-11,12815,330
2023-04-11,12816,290
2023-04-11,12817,1020
2023-04-12,12818,1230
2023-04-12,12819,590
2023-04-12,12820,780
2023-04-12,12821,260
2023-04-12,12822,1090
2023-04-12,12823,1320
2023-04-12,12824,1360
2023-04-12,12825,1420
2023-04-12,12826,370
2023-04-12,12827,660
2023-04-12,12828,840
2023-04-12,12829,920
2023-04-12,12830,1180
2023-04-12,12831,1090
2023-04-12,12832,1390
2023-04-12,12833,630
2023-04-12,12834,440
2023-04-12,12835,1170
2023-04-12,12836,1410
2023-04-12,12837,470
2023-04-12,12838,1140
2023-04-12,12839,290
2023-04-12,12840,680
2023-04-12,12841,930
2023-04-12,12842,940
2023-04-12,12843,720
2023-04-12,12844,960
2023-04-12,12845,410
2023-04-12,12846,510
2023-04-13,12847,830
2023-04-13,12848,1510
2023-04-13,12849,1210
2023-04-13,12850,1140
2023-04-13,12851,870
2023-04-13,12852,1540
2023-04-13,12853,1040
2023-04-13,12854,660
2023-04-13,12855,1120
2023-04-13,12856,1710
2023-04-13,12857,1060
2023-04-13,12858,360
2023-04-13,12859,1070
2023-04-13,12860,950
2023-04-13,12861,520
2023-04-13,12862,950
2023-04-13,12863,1110
2023-04-13,12864,1630
2023-04-13,12865,1250
2023-04-13,12866,610
2023-04-13,12867,1630
2023-04-13,12868,140
2023-04-13,12869,750
2023-04-13,12870,940
2023-04-13,12871,620
2023-04-13,12872,780
2023-04-13,12873,1350
2023-04-13,12874,1760
2023-04-13,12875,480
2023-04-14,12876,670
2023-04-14,12877,560
2023-04-14,12878,1000
2023-04-14,12879,610
2023-04-14,12880,1260
2023-04-14,12881,740
2023-04-14,12882,1160
2023-04-14,12883,680
2023-04-14,12884,950
2023-04-14,12885,1300
2023-04-14,12886,390
2023-04-14,12887,380
2023-04-14,12888,1360
2023-04-14,12889,730
2023-04-14,12890,360
2023-04-14,12891,160
2023-04-14,12892,1290
2023-04-14,12893,750
2023-04-14,12894,170
2023-04-14,12895,920
2023-04-14,12896,1260
2023-04-14,12897,1230
2023-04-14,12898,1250
2023-04-14,12899,1620
2023-04-14,12900,1030
2023-04-14,12901,1390
2023-04-14,12902,1110
2023-04-14,12903,840
2023-04-14,12904,700
2023-04-15,12905,590
2023-04-15,12906,260
2023-04-15,12907,590
2023-04-15,12908,1900
2023-04-15,12909,510
2023-04-15,12910,600
2023-04-15,12911,1750
2023-04-15,12912,320
2023-04-15,12913,1260
2023-04-15,12914,930
2023-04-15,12915,590
2023-04-15,12916,580
2023-04-15,12917,700
2023-04-15,12918,1240
2023-04-15,12919,830
2023-04-15,12920,1150
2023-04-15,12921,1050
2023-04-15,12922,500
2023-04-15,12923,1300
2023-04-15,12924,740
2023-04-15,12925,950
2023-04-15,12926,750
2023-04-15,12927,1120
2023-04-15,12928,1420
2023-04-15,12929,1110
2023-04-15,12930,1160
2023-04-15,12931,1130
2023-04-15,12932,1180
2023-04-15,12933,330
2023-04-16,12934,1520
2023-04-16,12935,880
2023-04-16,12936,1220
2023-04-16,12937,670
2023-04-16,12938,1650
2023-04-16,12939,1590
2023-04-16,12940,1610
2023-04-16,12941,590
2023-04-16,12942,480
2023-04-16,12943,510
2023-04-16,12944,610
2023-04-16,12945,700
2023-04-16,12946,1230
2023-04-16,12947,450
2023-04-16,12948,870
2023-04-16,12949,1490
2023-04-16,12950,880
2023-04-16,12951,1210
2023-04-16,12952,1370
2023-04-16,12953,390
2023-04-16,12954,470
2023-04-16,12955,1170
2023-04-16,12956,1640
2023-04-16,12957,1150
2023-04-16,12958,1620
2023-04-16,12959,200
2023-04-16,12960,590
2023-04-16,12961,1170
2023-04-16,12962,590
2023-04-17,12963,1390
2023-04-17,12964,880
2023-04-17,12965,340
2023-04-17,12966,840
2023-04-17,12967,930
2023-04-17,12968,1170
2023-04-17,12969,1050
2023-04-17,12970,1420
2023-04-17,12971,1620
2023-04-17,12972,910
2023-04-17,12973,880
2023-04-17,12974,810
2023-04-17,12975,1290
2023-04-17,12976,1340
2023-04-17,12977,320
2023-04-17,12978,390
2023-04-17,12979,1970
2023-04-17,12980,1310
2023-04-17,12981,290
2023-04-17,12982,770
2023-04-17,12983,1320
2023-04-17,12984,1560
2023-04-17,12985,440
2023-04-17,12986,540
2023-04-17,12987,1200
2023-04-17,12988,1340
2023-04-17,12989,1220
2023-04-17,12990,960
2023-04-17,12991,980
2023-04-18,12992,540
2023-04-18,12993,390
2023-04-18,12994,730
2023-04-18,12995,580
2023-04-18,12996,330
2023-04-18,12997,410
2023-04-18,12998,760
2023-04-18,12999,1130
2023-04-18,13000,450
2023-04-18,13001,920
2023-04-18,13002,660
2023-04-18,13003,560
2023-04-18,13004,520
2023-04-18,13005,1130
2023-04-18,13006,1000
2023-04-18,13007,1670
2023-04-18,13008,1530
2023-04-18,13009,1270
2023-04-18,13010,870
2023-04-18,13011,900
2023-04-18,13012,910
2023-04-18,13013,580
2023-04-18,13014,1220
2023-04-18,13015,1020
2023-04-18,13016,1130
2023-04-18,13017,1260
2023-04-18,13018,1490
2023-04-18,13019,1110
2023-04-18,13020,770
2023-04-19,13021,690
2023-04-19,13022,810
2023-04-19,13023,720
2023-04-19,13024,640
2023-04-19,13025,410
2023-04-19,13026,1040
2023-04-19,13027,1260
2023-04-19,13028,1580
2023-04-19,13029,720
2023-04-19,13030,390
2023-04-19,13031,1080
2023-04-19,13032,870
2023-04-19,13033,310
2023-04-19,13034,180
2023-04-19,13035,460
2023-04-19,13036,580
2023-04-19,13037,1330
2023-04-19,13038,1420
2023-04-19,13039,820
2023-04-19,13040,680
2023-04-19,13041,1570
2023-04-19,13042,1270
2023-04-19,13043,1280
2023-04-19,13044,1100
2023-04-19,13045,730
2023-04-19,13046,170
2023-04-19,13047,990
2023-04-19,13048,510
2023-04-20,13049,1230
2023-04-20,13050,610
2023-04-20,13051,930
2023-04-20,13052,590
2023-04-20,13053,1350
2023-04-20,13054,650
2023-04-20,13055,920
2023-04-20,13056,900
2023-04-20,13057,450
2023-04-20,13058,1160
2023-04-20,13059,560
2023-04-20,13060,1120
2023-04-20,13061,750
2023-04-20,13062,760
2023-04-20,13063,880
2023-04-20,13064,1370
2023-04-20,13065,530
2023-04-20,13066,1250
2023-04-20,13067,300
2023-04-20,13068,910
2023-04-20,13069,1530
2023-04-20,13070,1050
2023-04-20,13071,570
2023-04-20,13072,1080
2023-04-20,13073,490
2023-04-20,13074,1680
2023-04-20,13075,1550
2023-04-20,13076,1190
2023-04-20,13077,950
2023-04-21,13078,940
2023-04-21,13079,1230
2023-04-21,13080,1020
2023-04-21,13081,580
2023-04-21,13082,1700
2023-04-21,13083,590
2023-04-21,13084,1000
2023-04-21,13085,290
2023-04-21,13086,1190
2023-04-21,13087,1460
2023-04-21,13088,1170
2023-04-21,13089,1430
2023-04-21,13090,550
2023-04-21,13091,830
2023-04-21,13092,880
2023-04-21,13093,1110
2023-04-21,13094,510
2023-04-21,13095,1840
2023-04-21,13096,470
2023-04-21,13097,890
2023-04-21,13098,1270
2023-04-21,13099,930
2023-04-21,13100,410
2023-04-21,13101,1190
2023-04-21,13102,470
2023-04-21,13103,740
2023-04-21,13104,460
2023-04-21,13105,1170
2023-04-21,13106,1130
2023-04-22,13107,470
2023-04-22,13108,1300
2023-04-22,13109,610
2023-04-22,13110,1010
2023-04-22,13111,560
2023-04-22,13112,1570
2023-04-22,13113,760
2023-04-22,13114,490
2023-04-22,13115,1170
2023-04-22,13116,600
2023-04-22,13117,290
2023-04-22,13118,170
2023-04-22,13119,1200
2023-04-22,13120,920
2023-04-22,13121,1210
2023-04-22,13122,590
2023-04-22,13123,190
2023-04-22,13124,880
2023-04-22,13125,1020
2023-04-22,13126,410
2023-04-22,13127,1610
2023-04-22,13128,550
2023-04-22,13129,1050
2023-04-22,13130,570
2023-04-22,13131,1450
2023-04-22,13132,530
2023-04-22,13133,610
2023-04-22,13134,560
2023-04-22,13135,780
2023-04-23,13136,1320
2023-04-23,13137,1590
2023-04-23,13138,520
2023-04-23,13139,260
2023-04-23,13140,740
2023-04-23,13141,1350
2023-04-23,13142,410
2023-04-23,13143,950
2023-04-23,13144,1200
2023-04-23,13145,520
2023-04-23,13146,990
2023-04-23,13147,780
2023-04-23,13148,1600
2023-04-23,13149,730
2023-04-23,13150,530
2023-04-23,13151,730
2023-04-23,13152,900
2023-04-23,13153,840
2023-04-23,13154,890
2023-04-23,13155,590
2023-04-23,13156,560
2023-04-23,13157,650
2023-04-23,13158,1220
2023-04-23,13159,1970
2023-04-23,13160,600
2023-04-23,13161,840
2023-04-23,13162,810
2023-04-23,13163,2000
2023-04-23,13164,1350
2023-04-24,13165,820
2023-04-24,13166,990
2023-04-24,13167,980
2023-04-24,13168,1000
2023-04-24,13169,490
2023-04-24,13170,730
2023-04-24,13171,1640
2023-04-24,13172,510
2023-04-24,13173,1360
2023-04-24,13174,1410
2023-04-24,13175,840
2023-04-24,13176,520
2023-04-24,13177,430
2023-04-24,13178,1350
2023-04-24,13179,1320
2023-04-24,13180,1590
2023-04-24,13181,720
2023-04-24,13182,1010
2023-04-24,13183,1310
2023-04-24,13184,1280
2023-04-24,13185,880
2023-04-24,13186,230
2023-04-24,13187,1370
2023-04-24,13188,1600
2023-04-24,13189,510
2023-04-24,13190,660
2023-04-24,13191,880
2023-04-24,13192,680
2023-04-24,13193,500
2023-04-25,13194,1040
2023-04-25,13195,620
2023-04-25,13196,940
2023-04-25,13197,1370
2023-04-25,13198,720
2023-04-25,13199,280
2023-04-25,13200,1660
2023-04-25,13201,1500
2023-04-25,13202,1210
2023-04-25,13203,460
2023-04-25,13204,1110
2023-04-25,13205,500
2023-04-25,13206,360
2023-04-25,13207,780
2023-04-25,13208,400
2023-04-25,13209,360
2023-04-25,13210,940
2023-04-25,13211,1120
2023-04-25,13212,680
2023-04-25,13213,1080
2023-04-25,13214,1660
2023-04-25,13215,770
2023-04-25,13216,1030
2023-04-25,13217,1200
2023-04-25,13218,380
2023-04-25,13219,540
2023-04-25,13220,350
2023-04-25,13221,1050
2023-04-25,13222,860
2023-04-26,13223,1520
2023-04-26,13224,1500
2023-04-26,13225,730
2023-04-26,13226,820
2023-04-26,13227,410
2023-04-26,13228,790
2023-04-26,13229,340
2023-04-26,13230,340
2023-04-26,13231,640
2023-04-26,13232,1060
2023-04-26,13233,1620
2023-04-26,13234,1170
2023-04-26,13235,1270
2023-04-26,13236,720
2023-04-26,13237,650
2023-04-26,13238,460
2023-04-26,13239,940
2023-04-26,13240,860
2023-04-26,13241,830
2023-04-26,13242,760
2023-04-26,13243,1410
2023-04-26,13244,1310
2023-04-26,13245,570
2023-04-26,13246,1200
2023-04-26,13247,510
2023-04-26,13248,450
2023-04-26,13249,320
2023-04-26,13250,1060
2023-04-26,13251,1360
2023-04-27,13252,1470
2023-04-27,13253,1060
2023-04-27,13254,910
2023-04-27,13255,560
2023-04-27,13256,660
2023-04-27,13257,1500
2023-04-27,13258,430
2023-04-27,13259,1450
2023-04-27,13260,1140
2023-04-27,13261,1190
2023-04-27,13262,700
2023-04-27,13263,1080
2023-04-27,13264,180
2023-04-27,13265,1100
2023-04-27,13266,890
2023-04-27,13267,1250
2023-04-27,13268,1170
2023-04-27,13269,1290
2023-04-27,13270,760
2023-04-27,13271,870
2023-04-27,13272,1150
2023-04-27,13273,360
2023-04-27,13274,1480
2023-04-27,13275,360
2023-04-27,13276,1440
2023-04-27,13277,660
2023-04-27,13278,1080
2023-04-27,13279,1430
2023-04-27,13280,1760
2023-04-28,13281,530
2023-04-28,13282,1230
2023-04-28,13283,490
2023-04-28,13284,630
2023-04-28,13285,340
2023-04-28,13286,420
2023-04-28,13287,890
2023-04-28,13288,230
2023-04-28,13289,510
2023-04-28,13290,1070
2023-04-28,13291,730
2023-04-28,13292,1070
2023-04-28,13293,750
2023-04-28,13294,1190
2023-04-28,13295,870
2023-04-28,13296,1250
2023-04-28,13297,790
2023-04-28,13298,580
2023-04-28,13299,1820
2023-04-28,13300,940
2023-04-28,13301,1390
2023-04-28,13302,460
2023-04-28,13303,1250
2023-04-28,13304,1440
2023-04-28,13305,1020
2023-04-28,13306,1280
2023-04-28,13307,440
2023-04-28,13308,860
2023-04-29,13309,190
2023-04-29,13310,470
2023-04-29,13311,1010
2023-04-29,13312,1270
2023-04-29,13313,1060
2023-04-29,13314,450
2023-04-29,13315,1190
2023-04-29,13316,330
2023-04-29,13317,1600
2023-04-29,13318,1300
2023-04-29,13319,730
2023-04-29,13320,700
2023-04-29,13321,480
2023-04-29,13322,1290
2023-04-29,13323,750
2023-04-29,13324,810
2023-04-29,13325,1000
2023-04-29,13326,1070
2023-04-29,13327,1100
2023-04-29,13328,1570
2023-04-29,13329,520
2023-04-29,13330,1140
2023-04-29,13331,1420
2023-04-29,13332,1010
2023-04-29,13333,970
2023-04-29,13334,460
2023-04-29,13335,860
2023-04-29,13336,900
2023-04-29,13337,320
2023-04-30,13338,180
2023-04-30,13339,830
2023-04-30,13340,500
2023-04-30,13341,1180
2023-04-30,13342,970
2023-04-30,13343,1100
2023-04-30,13344,1450
2023-04-30,13345,840
2023-04-30,13346,1160
2023-04-30,13347,840
2023-04-30,13348,1500
2023-04-30,13349,490
2023-04-30,13350,1190
2023-04-30,13351,810
2023-04-30,13352,1040
2023-04-30,13353,990
2023-04-30,13354,240
2023-04-30,13355,1470
2023-04-30,13356,600
2023-04-30,13357,290
2023-04-30,13358,950
2023-04-30,13359,190
2023-04-30,13360,1270
2023-04-30,13361,970
2023-04-30,13362,1040
2023-04-30,13363,1480
2023-04-30,13364,1530
2023-04-30,13365,160
2023-04-30,13366,1080
2023-05-01,13367,700
2023-05-01,13368,350
2023-05-01,13369,1440
2023-05-01,13370,1890
2023-05-01,13371,1040
2023-05-01,13372,1130
2023-05-01,13373,790
2023-05-01,13374,330
2023-05-01,13375,1210
2023-05-01,13376,710
2023-05-01,13377,550
2023-05-01,13378,1690
2023-05-01,13379,1180
2023-05-01,13380,1240
2023-05-01,13381,1300
2023-05-01,13382,1090
2023-05-01,13383,400
2023-05-01,13384,890
2023-05-01,13385,1000
2023-05-01,13386,1910
2023-05-01,13387,1710
2023-05-01,13388,920
2023-05-01,13389,1840
2023-05-01,13390,470
2023-05-01,13391,560
2023-05-01,13392,1140
2023-05-01,13393,1290
2023-05-01,13394,880
2023-05-01,13395,810
2023-05-02,13396,1190
2023-05-02,13397,170
2023-05-02,13398,1290
2023-05-02,13399,420
2023-05-02,13400,1350
2023-05-02,13401,570
2023-05-02,13402,350
2023-05-02,13403,1080
2023-05-02,13404,960
2023-05-02,13405,440
2023-05-02,13406,1540
2023-05-02,13407,1270
2023-05-02,13408,1770
2023-05-02,13409,1140
2023-05-02,13410,640
2023-05-02,13411,1030
2023-05-02,13412,940
2023-05-02,13413,1150
2023-05-02,13414,1650
2023-05-02,13415,380
2023-05-02,13416,1330
2023-05-02,13417,1430
2023-05-02,13418,890
2023-05-02,13419,1470
2023-05-02,13420,1460
2023-05-02,13421,760
2023-05-02,13422,1070
2023-05-02,13423,600
2023-05-02,13424,1260
2023-05-03,13425,440
2023-05-03,13426,290
2023-05-03,13427,1160
2023-05-03,13428,1350
2023-05-03,13429,320
2023-05-03,13430,630
2023-05-03,13431,430
2023-05-03,13432,420
2023-05-03,13433,1170
2023-05-03,13434,1000
2023-05-03,13435,1420
2023-05-03,13436,510
2023-05-03,13437,510
2023-05-03,13438,1140
2023-05-03,13439,510
2023-05-03,13440,1210
2023-05-03,13441,660
2023-05-03,13442,700
2023-05-03,13443,200
2023-05-03,13444,750
2023-05-03,13445,710
2023-05-03,13446,1130
2023-05-03,13447,410
2023-05-03,13448,1280
2023-05-03,13449,330
2023-05-03,13450,1640
2023-05-03,13451,740
2023-05-03,13452,630
2023-05-03,13453,900
2023-05-04,13454,1400
2023-05-04,13455,290
2023-05-04,13456,1370
2023-05-04,13457,740
2023-05-04,13458,590
2023-05-04,13459,710
2023-05-04,13460,540
2023-05-04,13461,450
2023-05-04,13462,1220
2023-05-04,13463,690
2023-05-04,13464,1200
2023-05-04,13465,960
2023-05-04,13466,1110
2023-05-04,13467,440
2023-05-04,13468,1190
2023-05-04,13469,770
2023-05-04,13470,1210
2023-05-04,13471,710
2023-05-04,13472,890
2023-05-04,13473,750
2023-05-04,13474,330
2023-05-04,13475,580
2023-05-04,13476,900
2023-05-04,13477,1380
2023-05-04,13478,310
2023-05-04,13479,370
2023-05-04,13480,1300
2023-05-04,13481,490
2023-05-04,13482,1300
2023-05-05,13483,1000
2023-05-05,13484,620
2023-05-05,13485,320
2023-05-05,13486,290
2023-05-05,13487,730
2023-05-05,13488,620
2023-05-05,13489,1140
2023-05-05,13490,670
2023-05-05,13491,1250
2023-05-05,13492,1170
2023-05-05,13493,820
2023-05-05,13494,800
2023-05-05,13495,1430
2023-05-05,13496,1130
2023-05-05,13497,1180
2023-05-05,13498,680
2023-05-05,13499,890
2023-05-05,13500,1620
2023-05-05,13501,860
2023-05-05,13502,260
2023-05-05,13503,1620
2023-05-05,13504,870
2023-05-05,13505,730
2023-05-05,13506,1010
2023-05-05,13507,870
2023-05-05,13508,1720
2023-05-05,13509,660
2023-05-05,13510,260
2023-05-05,13511,600
2023-05-06,13512,1170
2023-05-06,13513,1080
2023-05-06,13514,960
2023-05-06,13515,540
2023-05-06,13516,540
2023-05-06,13517,960
2023-05-06,13518,710
2023-05-06,13519,930
2023-05-06,13520,430
2023-05-06,13521,870
2023-05-06,13522,1050
2023-05-06,13523,580
2023-05-06,13524,850
2023-05-06,13525,580
2023-05-06,13526,510
2023-05-06,13527,630
2023-05-06,13528,600
2023-05-06,13529,510
2023-05-06,13530,1200
2023-05-06,13531,770
2023-05-06,13532,760
2023-05-06,13533,1060
2023-05-06,13534,930
2023-05-06,13535,880
2023-05-06,13536,190
2023-05-06,13537,1090
2023-05-06,13538,1230
2023-05-06,13539,1070
2023-05-06,13540,310
2023-05-07,13541,350
2023-05-07,13542,480
2023-05-07,13543,980
2023-05-07,13544,460
2023-05-07,13545,370
2023-05-07,13546,1300
2023-05-07,13547,530
2023-05-07,13548,610
2023-05-07,13549,990
2023-05-07,13550,480
2023-05-07,13551,460
2023-05-07,13552,880
2023-05-07,13553,470
2023-05-07,13554,970
2023-05-07,13555,550
2023-05-07,13556,680
2023-05-07,13557,1230
2023-05-07,13558,990
2023-05-07,13559,820
2023-05-07,13560,940
2023-05-07,13561,1370
2023-05-07,13562,590
2023-05-07,13563,1250
2023-05-07,13564,540
2023-05-07,13565,1650
2023-05-07,13566,1020
2023-05-07,13567,970
2023-05-07,13568,1990
2023-05-08,13569,1380
2023-05-08,13570,1040
2023-05-08,13571,530
2023-05-08,13572,190
2023-05-08,13573,590
2023-05-08,13574,1150
2023-05-08,13575,840
2023-05-08,13576,350
2023-05-08,13577,1140
2023-05-08,13578,320
2023-05-08,13579,1330
2023-05-08,13580,1460
2023-05-08,13581,1640
2023-05-08,13582,590
2023-05-08,13583,480
2023-05-08,13584,690
2023-05-08,13585,610
2023-05-08,13586,620
2023-05-08,13587,900
2023-05-08,13588,1240
2023-05-08,13589,360
2023-05-08,13590,1170
2023-05-08,13591,640
2023-05-08,13592,730
2023-05-08,13593,730
2023-05-08,13594,850
2023-05-08,13595,580
2023-05-08,13596,1110
2023-05-08,13597,810
2023-05-09,13598,540
2023-05-09,13599,430
2023-05-09,13600,710
2023-05-09,13601,800
2023-05-09,13602,470
2023-05-09,13603,590
2023-05-09,13604,960
2023-05-09,13605,1180
2023-05-09,13606,730
2023-05-09,13607,1930
2023-05-09,13608,1470
2023-05-09,13609,1780
2023-05-09,13610,530
2023-05-09,13611,1350
2023-05-09,13612,1100
2023-05-09,13613,440
2023-05-09,13614,820
2023-05-09,13615,1130
2023-05-09,13616,940
2023-05-09,13617,1100
2023-05-09,13618,1510
2023-05-09,13619,1770
2023-05-09,13620,1190
2023-05-09,13621,1400
2023-05-09,13622,780
2023-05-09,13623,300
2023-05-09,13624,500
2023-05-09,13625,1980
2023-05-09,13626,800
2023-05-10,13627,1320
2023-05-10,13628,1350
2023-05-10,13629,1770
2023-05-10,13630,950
2023-05-10,13631,1380
2023-05-10,13632,1240
2023-05-10,13633,810
2023-05-10,13634,830
2023-05-10,13635,1120
2023-05-10,13636,440
2023-05-10,13637,1420
2023-05-10,13638,1370
2023-05-10,13639,350
2023-05-10,13640,1540
2023-05-10,13641,1290
2023-05-10,13642,1280
2023-05-10,13643,720
2023-05-10,13644,340
2023-05-10,13645,960
2023-05-10,13646,1710
2023-05-10,13647,610
2023-05-10,13648,450
2023-05-10,13649,710
2023-05-10,13650,910
2023-05-10,13651,1180
2023-05-10,13652,1490
2023-05-10,13653,970
2023-05-10,13654,200
2023-05-10,13655,1260
2023-05-11,13656,290
2023-05-11,13657,1090
2023-05-11,13658,510
2023-05-11,13659,740
2023-05-11,13660,680
2023-05-11,13661,610
2023-05-11,13662,440
2023-05-11,13663,590
2023-05-11,13664,320
2023-05-11,13665,1040
2023-05-11,13666,600
2023-05-11,13667,1290
2023-05-11,13668,1360
2023-05-11,13669,770
2023-05-11,13670,1090
2023-05-11,13671,550
2023-05-11,13672,1100
2023-05-11,13673,590
2023-05-11,13674,1330
2023-05-11,13675,260
2023-05-11,13676,520
2023-05-11,13677,1420
2023-05-11,13678,660
2023-05-11,13679,1110
2023-05-11,13680,470
2023-05-11,13681,780
2023-05-11,13682,580
2023-05-11,13683,810
2023-05-11,13684,810
2023-05-12,13685,1280
2023-05-12,13686,1190
2023-05-12,13687,1560
2023-05-12,13688,500
2023-05-12,13689,770
2023-05-12,13690,1380
2023-05-12,13691,1440
2023-05-12,13692,560
2023-05-12,13693,1190
2023-05-12,13694,560
2023-05-12,13695,600
2023-05-12,13696,410
2023-05-12,13697,1460
2023-05-12,13698,1660
2023-05-12,13699,780
2023-05-12,13700,630
2023-05-12,13701,460
2023-05-12,13702,1200
2023-05-12,13703,950
2023-05-12,13704,1300
2023-05-12,13705,650
2023-05-12,13706,1040
2023-05-12,13707,1140
2023-05-12,13708,1110
2023-05-12,13709,1150
2023-05-12,13710,1550
2023-05-12,13711,1130
2023-05-12,13712,1620
2023-05-12,13713,480
2023-05-13,13714,630
2023-05-13,13715,1010
2023-05-13,13716,820
2023-05-13,13717,780
2023-05-13,13718,1100
2023-05-13,13719,1110
2023-05-13,13720,160
2023-05-13,13721,1810
2023-05-13,13722,720
2023-05-13,13723,1090
2023-05-13,13724,760
2023-05-13,13725,1360
2023-05-13,13726,1090
2023-05-13,13727,900
2023-05-13,13728,770
2023-05-13,13729,740
2023-05-13,13730,460
2023-05-13,13731,530
2023-05-13,13732,1220
2023-05-13,13733,1480
2023-05-13,13734,1100
2023-05-13,13735,920
2023-05-13,13736,490
2023-05-13,13737,390
2023-05-13,13738,750
2023-05-13,13739,1170
2023-05-13,13740,1570
2023-05-13,13741,630
2023-05-13,13742,980
2023-05-14,13743,480
2023-05-14,13744,880
2023-05-14,13745,430
2023-05-14,13746,710
2023-05-14,13747,750
2023-05-14,13748,1290
2023-05-14,13749,1750
2023-05-14,13750,200
2023-05-14,13751,790
2023-05-14,13752,1090
2023-05-14,13753,610
2023-05-14,13754,1260
2023-05-14,13755,780
2023-05-14,13756,1700
2023-05-14,13757,470
2023-05-14,13758,1590
2023-05-14,13759,870
2023-05-14,13760,970
2023-05-14,13761,950
2023-05-14,13762,680
2023-05-14,13763,760
2023-05-14,13764,1280
2023-05-14,13765,670
2023-05-14,13766,440
2023-05-14,13767,320
2023-05-14,13768,700
2023-05-14,13769,650
2023-05-14,13770,440
2023-05-14,13771,1140
2023-05-15,13772,160
2023-05-15,13773,970
2023-05-15,13774,1090
2023-05-15,13775,880
2023-05-15,13776,1390
2023-05-15,13777,720
2023-05-15,13778,1110
2023-05-15,13779,1110
2023-05-15,13780,260
2023-05-15,13781,610
2023-05-15,13782,500
2023-05-15,13783,1590
2023-05-15,13784,570
2023-05-15,13785,690
2023-05-15,13786,1510
2023-05-15,13787,320
2023-05-15,13788,1210
2023-05-15,13789,750
2023-05-15,13790,470
2023-05-15,13791,200
2023-05-15,13792,560
2023-05-15,13793,1440
2023-05-15,13794,940
2023-05-15,13795,1350
2023-05-15,13796,380
2023-05-15,13797,580
2023-05-15,13798,920
2023-05-15,13799,1040
2023-05-15,13800,1070
2023-05-16,13801,870
2023-05-16,13802,1830
2023-05-16,13803,540
2023-05-16,13804,390
2023-05-16,13805,440
2023-05-16,13806,590
2023-05-16,13807,820
2023-05-16,13808,810
2023-05-16,13809,1450
2023-05-16,13810,730
2023-05-16,13811,660
2023-05-16,13812,290
2023-05-16,13813,650
2023-05-16,13814,850
2023-05-16,13815,750
2023-05-16,13816,560
2023-05-16,13817,910
2023-05-16,13818,750
2023-05-16,13819,1410
2023-05-16,13820,640
2023-05-16,13821,690
2023-05-16,13822,740
2023-05-16,13823,460
2023-05-16,13824,590
2023-05-16,13825,790
2023-05-16,13826,810
2023-05-16,13827,1250
2023-05-16,13828,970
2023-05-17,13829,1610
